Workbook

Sheet Planner
A1: FeasaBULL Diet Planner — person in, cheapest balanced day out
A2: Step 1: enter the person (same inputs as FeasaBULL Calories). Step 2: targets are calculated with the site's equations. Step 3: pick a diet and re-solve (box at right). Blue = inputs.
B4: 1. PERSON (same inputs as the FeasaBULL Calories site) | F4: 4. RESULT | L4: HOW TO RE-SOLVE FOR A NEW PERSON OR DIET
B5: Sex | C5: Male | F5: Cost per day | G5: ='Matrix Model'!C184 -> 3.018031 | L5: 1. Change the blue inputs on this sheet (and Food Data if needed).
B6: Age (years) | C6: 21 | F6: Cost per week | G6: =G5*7 -> 21.126217 | L6: 2. Data → Solver (Excel: File → Options → Add-ins → enable Solver Add-in).
B7: Height (ft, in) | C7: 5 | D7: 8 | F7: Rules violated | G7: ='Matrix Model'!C185 -> 0 | L7: 3. Set Objective: 'Matrix Model'!$C$184 To: Min
B8: Weight (lb) | C8: 155 | F8: Status | G8: =IF(G7=0,"✓ Plan meets every rule","✗ Re-run Solver: the plan does not fit these inputs") -> ✓ Plan meets every rule | L8: 4. By Changing Variable Cells: 'Matrix Model'!$C$112:$C$182
B9: Activity level | C9: Active | L9: 5. Subject to the Constraints (Add each):
B10: Goal | C10: Maintain | F10: Daily totals vs targets | L10: 'Matrix Model'!$D$40:$D$58 >= 'Matrix Model'!$C$40:$C$58
B11: Activity coefficients | C11: IOM 2005 (corrected) | D11: or "Same as current site" to reproduce the live site exactly | F11: Nutrient | G11: Plan | H11: Min | I11: Max | L11: 'Matrix Model'!$D$59:$D$107 <= 'Matrix Model'!$C$59:$C$107
B12: Example: the site's own placeholder person (male, 21, 5'8", 155 lb, active, maintain). | F12: Calories (kcal) | G12: ='Matrix Model'!C189 -> 2878.5 | H12: =Planner!$E$16*(1-Planner!$C$42) -> 2878.5 | I12: =Planner!$E$16*(1+Planner!$C$42) -> 3181.5 | L12: 'Matrix Model'!$C$112:$C$182 <= 'Matrix Model'!$D$112:$D$182
F13: Protein (g) | G13: ='Matrix Model'!C190 -> 112 | H13: =MAX(N(Planner!$E$17),'Matrix Model'!$C$8*$G$12/4) -> 112 | I13: ='Matrix Model'!$D$8*$G$12/4 -> 251.86875 | L13: 'Matrix Model'!$C$112:$C$182 >= 'Matrix Model'!$E$112:$E$182
B14: 2. DAILY TARGETS (calculated with the site's equations — type in Override to change one) | F14: Carbohydrate (g) | G14: ='Matrix Model'!C191 -> 467.75625 | H14: ='Matrix Model'!$C$9*$G$12/4 -> 323.83125 | I14: ='Matrix Model'!$D$9*$G$12/4 -> 467.75625 | L14: 6. Tick "Make Unconstrained Variables Non-Negative", choose "Simplex LP", click Solve.
B15: Target | C15: Calculated | D15: Override | E15: Used by the model | F15: Fat (g) | G15: ='Matrix Model'!C192 -> 66.160131 | H15: ='Matrix Model'!$C$10*$G$12/9 -> 63.966667 | I15: ='Matrix Model'!$D$10*$G$12/9 -> 111.94167 | L15: (68 constraint cells — inside Excel Solver's 100-cell limit; bounds on x do not count.)
B16: Calories (kcal/day) | C16: =MAX(IF(Planner!$C$5="Male",'DRI Tables'!$E$17,'DRI Tables'!$E$18),ROUND(($C$31+$C$32)/10,0)*10) -> 3030 | E16: =IF(AND(D16="",C16=""),"",IF(D16="",C16,D16)) -> 3030 | F16: Fiber (g) | G16: ='Matrix Model'!C193 -> 47.918555 | H16: =Planner!$E$18 -> 42 | L16: 7. Status above turns ✓. The website runs the same model instantly (src/lib/dietOptimizer.js).
B17: Protein at least (g) — 1.6 g/kg, kept in 10–30% of kcal | C17: =MIN(MAX(ROUND(1.6*$C$28,0),ROUND(0.1*$C$16/4,0)),ROUND(0.3*$C$16/4,0)) -> 112 | E17: =IF(AND(D17="",C17=""),"",IF(D17="",C17,D17)) -> 112 | F17: Total sugars (g) | G17: ='Matrix Model'!C194 -> 66.951843 | I17: =IF(Planner!$E$24="","",Planner!$E$24)
B18: Fiber at least (g) — 14 g per 1,000 kcal | C18: =ROUND(14*$C$16/1000,0) -> 42 | E18: =IF(AND(D18="",C18=""),"",IF(D18="",C18,D18)) -> 42 | F18: Calcium (mg) | G18: ='Matrix Model'!C195 -> 1000 | H18: =Planner!$E$19 -> 1000
B19: Calcium at least (mg) | C19: =IF(Planner!$C$5="Male",INDEX('DRI Tables'!$E$23:$E$27,MATCH($C$29,'DRI Tables'!$A$23:$A$27,0)),INDEX('DRI Tables'!$F$23:$F$27,MATCH($C$29,'DRI Tables'!$A$23:$A$27,0))) -> 1000 | E19: =IF(AND(D19="",C19=""),"",IF(D19="",C19,D19)) -> 1000 | F19: Iron (mg) | G19: ='Matrix Model'!C196 -> 23.307801 | H19: =Planner!$E$20 -> 8
B20: Iron at least (mg) | C20: =IF(Planner!$C$5="Male",INDEX('DRI Tables'!$G$23:$G$27,MATCH($C$29,'DRI Tables'!$A$23:$A$27,0)),INDEX('DRI Tables'!$H$23:$H$27,MATCH($C$29,'DRI Tables'!$A$23:$A$27,0))) -> 8 | E20: =IF(AND(D20="",C20=""),"",IF(D20="",C20,D20)) -> 8 | F20: Potassium (mg) | G20: ='Matrix Model'!C197 -> 5247.6431 | H20: =Planner!$E$21 -> 3400
B21: Potassium at least (mg) | C21: =IF(Planner!$C$5="Male",INDEX('DRI Tables'!$I$23:$I$27,MATCH($C$29,'DRI Tables'!$A$23:$A$27,0)),INDEX('DRI Tables'!$J$23:$J$27,MATCH($C$29,'DRI Tables'!$A$23:$A$27,0))) -> 3400 | E21: =IF(AND(D21="",C21=""),"",IF(D21="",C21,D21)) -> 3400 | F21: Sodium (mg) | G21: ='Matrix Model'!C198 -> 768.58413 | I21: =Planner!$E$23 -> 2300
B22: Vitamin C at least (mg) | C22: =IF(Planner!$C$5="Male",INDEX('DRI Tables'!$C$23:$C$27,MATCH($C$29,'DRI Tables'!$A$23:$A$27,0)),INDEX('DRI Tables'!$D$23:$D$27,MATCH($C$29,'DRI Tables'!$A$23:$A$27,0))) -> 90 | E22: =IF(AND(D22="",C22=""),"",IF(D22="",C22,D22)) -> 90 | F22: Vitamin C (mg) | G22: ='Matrix Model'!C199 -> 166.14307 | H22: =Planner!$E$22 -> 90
B23: Sodium under (mg) | C23: 2300 | E23: =IF(AND(D23="",C23=""),"",IF(D23="",C23,D23)) -> 2300
B24: Total sugars under (g, optional) | E24: =IF(AND(D24="",C24=""),"",IF(D24="",C24,D24))
F25: Your day, by meal (lunch and dinner share a batch-cooked base — cook once, eat twice)
B26: How the targets were calculated | F26: Breakfast | G26: grams | H26: servings | I26: kcal | J26: protein (g)
B27: Height (cm) | C27: =ROUND((Planner!$C$7*12+N(Planner!$D$7))*2.54,0) -> 173 | F27: =IFERROR(INDEX('Matrix Model'!$B$112:$B$182,MATCH(1,'Matrix Model'!$N$112:$N$182,0)),"") -> Eggs (large) | G27: =IFERROR(INDEX('Matrix Model'!$J$112:$J$182,MATCH(1,'Matrix Model'!$N$112:$N$182,0)),"") -> 126.37551 | H27: =IFERROR(G27/INDEX('Food Data'!$N$6:$N$76,MATCH(1,'Matrix Model'!$N$112:$N$182,0)),"") -> 2.5275102 | I27: =IFERROR(G27*INDEX('Food Data'!$AH$6:$AH$76,MATCH(1,'Matrix Model'!$N$112:$N$182,0))/100,"") -> 180.71698 | J27: =IFERROR(G27*INDEX('Food Data'!$AI$6:$AI$76,MATCH(1,'Matrix Model'!$N$112:$N$182,0))/100,"") -> 15.872764
B28: Weight (kg) | C28: =ROUND(Planner!$C$8*0.45359237,1) -> 70.3 | F28: =IFERROR(INDEX('Matrix Model'!$B$112:$B$182,MATCH(2,'Matrix Model'!$N$112:$N$182,0)),"") -> Peanut butter | G28: =IFERROR(INDEX('Matrix Model'!$J$112:$J$182,MATCH(2,'Matrix Model'!$N$112:$N$182,0)),"") -> 32 | H28: =IFERROR(G28/INDEX('Food Data'!$N$6:$N$76,MATCH(2,'Matrix Model'!$N$112:$N$182,0)),"") -> 1 | I28: =IFERROR(G28*INDEX('Food Data'!$AH$6:$AH$76,MATCH(2,'Matrix Model'!$N$112:$N$182,0))/100,"") -> 191.36 | J28: =IFERROR(G28*INDEX('Food Data'!$AI$6:$AI$76,MATCH(2,'Matrix Model'!$N$112:$N$182,0))/100,"") -> 7.1072
B29: Age bracket | C29: =IF(Planner!$C$6<19,"teen",IF(Planner!$C$6<=30,"young",IF(Planner!$C$6<=50,"mid",IF(Planner!$C$6<=70,"older","oldest")))) -> young | F29: =IFERROR(INDEX('Matrix Model'!$B$112:$B$182,MATCH(3,'Matrix Model'!$N$112:$N$182,0)),"") -> 2% milk | G29: =IFERROR(INDEX('Matrix Model'!$J$112:$J$182,MATCH(3,'Matrix Model'!$N$112:$N$182,0)),"") -> 235.12344 | H29: =IFERROR(G29/INDEX('Food Data'!$N$6:$N$76,MATCH(3,'Matrix Model'!$N$112:$N$182,0)),"") -> 0.96362066 | I29: =IFERROR(G29*INDEX('Food Data'!$AH$6:$AH$76,MATCH(3,'Matrix Model'!$N$112:$N$182,0))/100,"") -> 117.56172 | J29: =IFERROR(G29*INDEX('Food Data'!$AI$6:$AI$76,MATCH(3,'Matrix Model'!$N$112:$N$182,0))/100,"") -> 7.7590736
B30: Activity coefficient (PA) | C30: =IF(Planner!$C$11="Same as current site",INDEX('DRI Tables'!$B$11:$E$14,IF(Planner!$C$6<19,IF(Planner!$C$5="Male",3,4),IF(Planner!$C$5="Male",1,2)),MATCH(Planner!$C$9,'DRI Tables'!$B$4:$E$4,0)),INDEX('DRI Tables'!$B$5:$E$8,IF(Planner!$C$6<19,IF(Planner!$C$5="Male",3,4),IF(Planner!$C$5="Male",1,2)),MATCH(Planner!$C$9,'DRI Tables'!$B$4:$E$4,0))) -> 1.25 | F30: =IFERROR(INDEX('Matrix Model'!$B$112:$B$182,MATCH(4,'Matrix Model'!$N$112:$N$182,0)),"") -> Rolled oats (dry) | G30: =IFERROR(INDEX('Matrix Model'!$J$112:$J$182,MATCH(4,'Matrix Model'!$N$112:$N$182,0)),"") -> 2.9924272 | H30: =IFERROR(G30/INDEX('Food Data'!$N$6:$N$76,MATCH(4,'Matrix Model'!$N$112:$N$182,0)),"") -> 0.07481068 | I30: =IFERROR(G30*INDEX('Food Data'!$AH$6:$AH$76,MATCH(4,'Matrix Model'!$N$112:$N$182,0))/100,"") -> 11.341299 | J30: =IFERROR(G30*INDEX('Food Data'!$AI$6:$AI$76,MATCH(4,'Matrix Model'!$N$112:$N$182,0))/100,"") -> 0.39350418
B31: Maintenance calories (IOM EER, rounded to 10) | C31: =ROUND(IF(Planner!$C$6<19,IF(Planner!$C$5="Male",88.5-61.9*Planner!$C$6+$C$30*(26.7*$C$28+903*($C$27/100))+25,135.3-30.8*Planner!$C$6+$C$30*(10*$C$28+934*($C$27/100))+IF(Planner!$C$11="Same as current site",20,25)),IF(Planner!$C$5="Male",662-9.53*Planner!$C$6+$C$30*(15.91*$C$28+539.6*($C$27/100)),354-6.91*Planner!$C$6+$C$30*(9.36*$C$28+726*($C$27/100))))/10,0)*10 -> 3030 | F31: =IFERROR(INDEX('Matrix Model'!$B$112:$B$182,MATCH(5,'Matrix Model'!$N$112:$N$182,0)),"") -> Bananas | G31: =IFERROR(INDEX('Matrix Model'!$J$112:$J$182,MATCH(5,'Matrix Model'!$N$112:$N$182,0)),"") -> 118 | H31: =IFERROR(G31/INDEX('Food Data'!$N$6:$N$76,MATCH(5,'Matrix Model'!$N$112:$N$182,0)),"") -> 1 | I31: =IFERROR(G31*INDEX('Food Data'!$AH$6:$AH$76,MATCH(5,'Matrix Model'!$N$112:$N$182,0))/100,"") -> 105.02 | J31: =IFERROR(G31*INDEX('Food Data'!$AI$6:$AI$76,MATCH(5,'Matrix Model'!$N$112:$N$182,0))/100,"") -> 1.2862
B32: Goal adjustment (kcal) | C32: =INDEX('DRI Tables'!$B$17:$B$19,MATCH(Planner!$C$10,'DRI Tables'!$A$17:$A$19,0)) -> 0 | F32: =IFERROR(INDEX('Matrix Model'!$B$112:$B$182,MATCH(6,'Matrix Model'!$N$112:$N$182,0)),"") | G32: =IFERROR(INDEX('Matrix Model'!$J$112:$J$182,MATCH(6,'Matrix Model'!$N$112:$N$182,0)),"") | H32: =IFERROR(G32/INDEX('Food Data'!$N$6:$N$76,MATCH(6,'Matrix Model'!$N$112:$N$182,0)),"") | I32: =IFERROR(G32*INDEX('Food Data'!$AH$6:$AH$76,MATCH(6,'Matrix Model'!$N$112:$N$182,0))/100,"") | J32: =IFERROR(G32*INDEX('Food Data'!$AI$6:$AI$76,MATCH(6,'Matrix Model'!$N$112:$N$182,0))/100,"")
B33: BMI | C33: =ROUND($C$28/(($C$27/100))^2,1) -> 23.5 | F33: =IFERROR(INDEX('Matrix Model'!$B$112:$B$182,MATCH(7,'Matrix Model'!$N$112:$N$182,0)),"") | G33: =IFERROR(INDEX('Matrix Model'!$J$112:$J$182,MATCH(7,'Matrix Model'!$N$112:$N$182,0)),"") | H33: =IFERROR(G33/INDEX('Food Data'!$N$6:$N$76,MATCH(7,'Matrix Model'!$N$112:$N$182,0)),"") | I33: =IFERROR(G33*INDEX('Food Data'!$AH$6:$AH$76,MATCH(7,'Matrix Model'!$N$112:$N$182,0))/100,"") | J33: =IFERROR(G33*INDEX('Food Data'!$AI$6:$AI$76,MATCH(7,'Matrix Model'!$N$112:$N$182,0))/100,"")
F34: =IFERROR(INDEX('Matrix Model'!$B$112:$B$182,MATCH(8,'Matrix Model'!$N$112:$N$182,0)),"") | G34: =IFERROR(INDEX('Matrix Model'!$J$112:$J$182,MATCH(8,'Matrix Model'!$N$112:$N$182,0)),"") | H34: =IFERROR(G34/INDEX('Food Data'!$N$6:$N$76,MATCH(8,'Matrix Model'!$N$112:$N$182,0)),"") | I34: =IFERROR(G34*INDEX('Food Data'!$AH$6:$AH$76,MATCH(8,'Matrix Model'!$N$112:$N$182,0))/100,"") | J34: =IFERROR(G34*INDEX('Food Data'!$AI$6:$AI$76,MATCH(8,'Matrix Model'!$N$112:$N$182,0))/100,"")
B35: 3. DIET & PRICES | F35: =IFERROR(INDEX('Matrix Model'!$B$112:$B$182,MATCH(9,'Matrix Model'!$N$112:$N$182,0)),"") | G35: =IFERROR(INDEX('Matrix Model'!$J$112:$J$182,MATCH(9,'Matrix Model'!$N$112:$N$182,0)),"") | H35: =IFERROR(G35/INDEX('Food Data'!$N$6:$N$76,MATCH(9,'Matrix Model'!$N$112:$N$182,0)),"") | I35: =IFERROR(G35*INDEX('Food Data'!$AH$6:$AH$76,MATCH(9,'Matrix Model'!$N$112:$N$182,0))/100,"") | J35: =IFERROR(G35*INDEX('Food Data'!$AI$6:$AI$76,MATCH(9,'Matrix Model'!$N$112:$N$182,0))/100,"")
B36: Diet | C36: Balanced | F36: Breakfast total | I36: ='Matrix Model'!D189 -> 606 | J36: ='Matrix Model'!D190 -> 32.418742
B37: What it means | C37: =INDEX(Diets!$B$5:$B$12,MATCH(Planner!$C$36,Diets!$A$5:$A$12,0)) -> USDA Acceptable Macronutrient Distribution Ranges; all foods allowed
B38: Macro split (% of calories) | C38: ="Protein "&TEXT('Matrix Model'!$C$8,"0%")&"–"&TEXT('Matrix Model'!$D$8,"0%")&", Carbs "&TEXT('Matrix Model'!$C$9,"0%")&"–"&TEXT('Matrix Model'!$D$9,"0%")&", Fat "&TEXT('Matrix Model'!$C$10,"0%")&"–"&TEXT('Matrix Model'!$D$10,"0%") -> Protein 10%–35%, Carbs 45%–65%, Fat 20%–35% | F38: Lunch | G38: grams | H38: servings | I38: kcal | J38: protein (g)
B39: Price source | C39: Walmart (Oct 2026) | D39: or "BLS U.S. average (Sep 2026)" — sensitivity check | F39: =IFERROR(INDEX('Matrix Model'!$B$112:$B$182,MATCH(1,'Matrix Model'!$O$112:$O$182,0)),"") -> Pinto beans (dry) | G39: =IFERROR(INDEX('Matrix Model'!$K$112:$K$182,MATCH(1,'Matrix Model'!$O$112:$O$182,0)),"") -> 72 | H39: =IFERROR(G39/INDEX('Food Data'!$N$6:$N$76,MATCH(1,'Matrix Model'!$O$112:$O$182,0)),"") -> 1.5 | I39: =IFERROR(G39*INDEX('Food Data'!$AH$6:$AH$76,MATCH(1,'Matrix Model'!$O$112:$O$182,0))/100,"") -> 249.84 | J39: =IFERROR(G39*INDEX('Food Data'!$AI$6:$AI$76,MATCH(1,'Matrix Model'!$O$112:$O$182,0))/100,"") -> 15.4224
F40: =IFERROR(INDEX('Matrix Model'!$B$112:$B$182,MATCH(2,'Matrix Model'!$O$112:$O$182,0)),"") -> Brown rice (dry) | G40: =IFERROR(INDEX('Matrix Model'!$K$112:$K$182,MATCH(2,'Matrix Model'!$O$112:$O$182,0)),"") -> 78.14669 | H40: =IFERROR(G40/INDEX('Food Data'!$N$6:$N$76,MATCH(2,'Matrix Model'!$O$112:$O$182,0)),"") -> 1.6988411 | I40: =IFERROR(G40*INDEX('Food Data'!$AH$6:$AH$76,MATCH(2,'Matrix Model'!$O$112:$O$182,0))/100,"") -> 286.79835 | J40: =IFERROR(G40*INDEX('Food Data'!$AI$6:$AI$76,MATCH(2,'Matrix Model'!$O$112:$O$182,0))/100,"") -> 5.8922604
B41: 4. BALANCE RULES (keep amounts realistic) | F41: =IFERROR(INDEX('Matrix Model'!$B$112:$B$182,MATCH(3,'Matrix Model'!$O$112:$O$182,0)),"") -> White rice (dry) | G41: =IFERROR(INDEX('Matrix Model'!$K$112:$K$182,MATCH(3,'Matrix Model'!$O$112:$O$182,0)),"") -> 92 | H41: =IFERROR(G41/INDEX('Food Data'!$N$6:$N$76,MATCH(3,'Matrix Model'!$O$112:$O$182,0)),"") -> 2 | I41: =IFERROR(G41*INDEX('Food Data'!$AH$6:$AH$76,MATCH(3,'Matrix Model'!$O$112:$O$182,0))/100,"") -> 335.8 | J41: =IFERROR(G41*INDEX('Food Data'!$AI$6:$AI$76,MATCH(3,'Matrix Model'!$O$112:$O$182,0))/100,"") -> 6.5596
B42: Calorie tolerance (±) | C42: 0.05 | F42: =IFERROR(INDEX('Matrix Model'!$B$112:$B$182,MATCH(4,'Matrix Model'!$O$112:$O$182,0)),"") -> Broccoli (frozen) | G42: =IFERROR(INDEX('Matrix Model'!$K$112:$K$182,MATCH(4,'Matrix Model'!$O$112:$O$182,0)),"") -> 95 | H42: =IFERROR(G42/INDEX('Food Data'!$N$6:$N$76,MATCH(4,'Matrix Model'!$O$112:$O$182,0)),"") -> 1 | I42: =IFERROR(G42*INDEX('Food Data'!$AH$6:$AH$76,MATCH(4,'Matrix Model'!$O$112:$O$182,0))/100,"") -> 27.55 | J42: =IFERROR(G42*INDEX('Food Data'!$AI$6:$AI$76,MATCH(4,'Matrix Model'!$O$112:$O$182,0))/100,"") -> 2.907
B43: Max share of the day's protein from ONE food | C43: 0.35 | D43: applies to foods with ≥ 10 g protein / 100 g | F43: =IFERROR(INDEX('Matrix Model'!$B$112:$B$182,MATCH(5,'Matrix Model'!$O$112:$O$182,0)),"") -> Mixed vegetables (frozen) | G43: =IFERROR(INDEX('Matrix Model'!$K$112:$K$182,MATCH(5,'Matrix Model'!$O$112:$O$182,0)),"") -> 28.021978 | H43: =IFERROR(G43/INDEX('Food Data'!$N$6:$N$76,MATCH(5,'Matrix Model'!$O$112:$O$182,0)),"") -> 0.29496819 | I43: =IFERROR(G43*INDEX('Food Data'!$AH$6:$AH$76,MATCH(5,'Matrix Model'!$O$112:$O$182,0))/100,"") -> 20.175824 | J43: =IFERROR(G43*INDEX('Food Data'!$AI$6:$AI$76,MATCH(5,'Matrix Model'!$O$112:$O$182,0))/100,"") -> 0.93313187
B44: Min share of protein at breakfast, lunch AND dinner | C44: 0.2 | F44: =IFERROR(INDEX('Matrix Model'!$B$112:$B$182,MATCH(6,'Matrix Model'!$O$112:$O$182,0)),"") -> Canola oil | G44: =IFERROR(INDEX('Matrix Model'!$K$112:$K$182,MATCH(6,'Matrix Model'!$O$112:$O$182,0)),"") -> 1.0311046 | H44: =IFERROR(G44/INDEX('Food Data'!$N$6:$N$76,MATCH(6,'Matrix Model'!$O$112:$O$182,0)),"") -> 0.073650325 | I44: =IFERROR(G44*INDEX('Food Data'!$AH$6:$AH$76,MATCH(6,'Matrix Model'!$O$112:$O$182,0))/100,"") -> 9.1149642 | J44: =IFERROR(G44*INDEX('Food Data'!$AI$6:$AI$76,MATCH(6,'Matrix Model'!$O$112:$O$182,0))/100,"") -> 0
B45: Breakfast: share of calories (min / max) | C45: 0.2 | D45: 0.3 | F45: =IFERROR(INDEX('Matrix Model'!$B$112:$B$182,MATCH(7,'Matrix Model'!$O$112:$O$182,0)),"") | G45: =IFERROR(INDEX('Matrix Model'!$K$112:$K$182,MATCH(7,'Matrix Model'!$O$112:$O$182,0)),"") | H45: =IFERROR(G45/INDEX('Food Data'!$N$6:$N$76,MATCH(7,'Matrix Model'!$O$112:$O$182,0)),"") | I45: =IFERROR(G45*INDEX('Food Data'!$AH$6:$AH$76,MATCH(7,'Matrix Model'!$O$112:$O$182,0))/100,"") | J45: =IFERROR(G45*INDEX('Food Data'!$AI$6:$AI$76,MATCH(7,'Matrix Model'!$O$112:$O$182,0))/100,"")
B46: Lunch: share of calories (min / max) | C46: 0.25 | D46: 0.35 | F46: =IFERROR(INDEX('Matrix Model'!$B$112:$B$182,MATCH(8,'Matrix Model'!$O$112:$O$182,0)),"") | G46: =IFERROR(INDEX('Matrix Model'!$K$112:$K$182,MATCH(8,'Matrix Model'!$O$112:$O$182,0)),"") | H46: =IFERROR(G46/INDEX('Food Data'!$N$6:$N$76,MATCH(8,'Matrix Model'!$O$112:$O$182,0)),"") | I46: =IFERROR(G46*INDEX('Food Data'!$AH$6:$AH$76,MATCH(8,'Matrix Model'!$O$112:$O$182,0))/100,"") | J46: =IFERROR(G46*INDEX('Food Data'!$AI$6:$AI$76,MATCH(8,'Matrix Model'!$O$112:$O$182,0))/100,"")
B47: Dinner: share of calories (min / max) | C47: 0.25 | D47: 0.4 | F47: =IFERROR(INDEX('Matrix Model'!$B$112:$B$182,MATCH(9,'Matrix Model'!$O$112:$O$182,0)),"") | G47: =IFERROR(INDEX('Matrix Model'!$K$112:$K$182,MATCH(9,'Matrix Model'!$O$112:$O$182,0)),"") | H47: =IFERROR(G47/INDEX('Food Data'!$N$6:$N$76,MATCH(9,'Matrix Model'!$O$112:$O$182,0)),"") | I47: =IFERROR(G47*INDEX('Food Data'!$AH$6:$AH$76,MATCH(9,'Matrix Model'!$O$112:$O$182,0))/100,"") | J47: =IFERROR(G47*INDEX('Food Data'!$AI$6:$AI$76,MATCH(9,'Matrix Model'!$O$112:$O$182,0))/100,"")
B48: Snacks: share of calories (min / max) | C48: 0.05 | D48: 0.2 | F48: Lunch total | I48: ='Matrix Model'!E189 -> 929.27914 | J48: ='Matrix Model'!E190 -> 31.714392
B49: Vegetables minimum (cup-equivalents) | C49: 2.5
B50: Fruit minimum (cup-equivalents) | C50: 2 | F50: Dinner | G50: grams | H50: servings | I50: kcal | J50: protein (g)
B51: Max meat, poultry & fish (grams/day) | C51: 340 | D51: 12 oz raw (~9 oz cooked) per day | F51: =IFERROR(INDEX('Matrix Model'!$B$112:$B$182,MATCH(1,'Matrix Model'!$P$112:$P$182,0)),"") -> Pinto beans (dry) | G51: =IFERROR(INDEX('Matrix Model'!$L$112:$L$182,MATCH(1,'Matrix Model'!$P$112:$P$182,0)),"") -> 72 | H51: =IFERROR(G51/INDEX('Food Data'!$N$6:$N$76,MATCH(1,'Matrix Model'!$P$112:$P$182,0)),"") -> 1.5 | I51: =IFERROR(G51*INDEX('Food Data'!$AH$6:$AH$76,MATCH(1,'Matrix Model'!$P$112:$P$182,0))/100,"") -> 249.84 | J51: =IFERROR(G51*INDEX('Food Data'!$AI$6:$AI$76,MATCH(1,'Matrix Model'!$P$112:$P$182,0))/100,"") -> 15.4224
B52: Max beans & lentils (servings/day) | C52: 3 | D52: about 2-2.25 cups cooked per day | F52: =IFERROR(INDEX('Matrix Model'!$B$112:$B$182,MATCH(2,'Matrix Model'!$P$112:$P$182,0)),"") -> Brown rice (dry) | G52: =IFERROR(INDEX('Matrix Model'!$L$112:$L$182,MATCH(2,'Matrix Model'!$P$112:$P$182,0)),"") -> 78.14669 | H52: =IFERROR(G52/INDEX('Food Data'!$N$6:$N$76,MATCH(2,'Matrix Model'!$P$112:$P$182,0)),"") -> 1.6988411 | I52: =IFERROR(G52*INDEX('Food Data'!$AH$6:$AH$76,MATCH(2,'Matrix Model'!$P$112:$P$182,0))/100,"") -> 286.79835 | J52: =IFERROR(G52*INDEX('Food Data'!$AI$6:$AI$76,MATCH(2,'Matrix Model'!$P$112:$P$182,0))/100,"") -> 5.8922604
B53: Max cheese (servings/day) | C53: 3 | D53: slices / oz / sticks / half-cups | F53: =IFERROR(INDEX('Matrix Model'!$B$112:$B$182,MATCH(3,'Matrix Model'!$P$112:$P$182,0)),"") -> White rice (dry) | G53: =IFERROR(INDEX('Matrix Model'!$L$112:$L$182,MATCH(3,'Matrix Model'!$P$112:$P$182,0)),"") -> 92 | H53: =IFERROR(G53/INDEX('Food Data'!$N$6:$N$76,MATCH(3,'Matrix Model'!$P$112:$P$182,0)),"") -> 2 | I53: =IFERROR(G53*INDEX('Food Data'!$AH$6:$AH$76,MATCH(3,'Matrix Model'!$P$112:$P$182,0))/100,"") -> 335.8 | J53: =IFERROR(G53*INDEX('Food Data'!$AI$6:$AI$76,MATCH(3,'Matrix Model'!$P$112:$P$182,0))/100,"") -> 6.5596
B54: Max grains & bread (servings/day) | C54: 9 | F54: =IFERROR(INDEX('Matrix Model'!$B$112:$B$182,MATCH(4,'Matrix Model'!$P$112:$P$182,0)),"") -> Broccoli (frozen) | G54: =IFERROR(INDEX('Matrix Model'!$L$112:$L$182,MATCH(4,'Matrix Model'!$P$112:$P$182,0)),"") -> 95 | H54: =IFERROR(G54/INDEX('Food Data'!$N$6:$N$76,MATCH(4,'Matrix Model'!$P$112:$P$182,0)),"") -> 1 | I54: =IFERROR(G54*INDEX('Food Data'!$AH$6:$AH$76,MATCH(4,'Matrix Model'!$P$112:$P$182,0))/100,"") -> 27.55 | J54: =IFERROR(G54*INDEX('Food Data'!$AI$6:$AI$76,MATCH(4,'Matrix Model'!$P$112:$P$182,0))/100,"") -> 2.907
B55: Max oils & butter (servings/day) | C55: 4 | D55: tablespoons | F55: =IFERROR(INDEX('Matrix Model'!$B$112:$B$182,MATCH(5,'Matrix Model'!$P$112:$P$182,0)),"") -> Mixed vegetables (frozen) | G55: =IFERROR(INDEX('Matrix Model'!$L$112:$L$182,MATCH(5,'Matrix Model'!$P$112:$P$182,0)),"") -> 28.021978 | H55: =IFERROR(G55/INDEX('Food Data'!$N$6:$N$76,MATCH(5,'Matrix Model'!$P$112:$P$182,0)),"") -> 0.29496819 | I55: =IFERROR(G55*INDEX('Food Data'!$AH$6:$AH$76,MATCH(5,'Matrix Model'!$P$112:$P$182,0))/100,"") -> 20.175824 | J55: =IFERROR(G55*INDEX('Food Data'!$AI$6:$AI$76,MATCH(5,'Matrix Model'!$P$112:$P$182,0))/100,"") -> 0.93313187
B56: Max snacks & sweets (servings/day) | C56: 2 | F56: =IFERROR(INDEX('Matrix Model'!$B$112:$B$182,MATCH(6,'Matrix Model'!$P$112:$P$182,0)),"") -> Canola oil | G56: =IFERROR(INDEX('Matrix Model'!$L$112:$L$182,MATCH(6,'Matrix Model'!$P$112:$P$182,0)),"") -> 1.0311046 | H56: =IFERROR(G56/INDEX('Food Data'!$N$6:$N$76,MATCH(6,'Matrix Model'!$P$112:$P$182,0)),"") -> 0.073650325 | I56: =IFERROR(G56*INDEX('Food Data'!$AH$6:$AH$76,MATCH(6,'Matrix Model'!$P$112:$P$182,0))/100,"") -> 9.1149642 | J56: =IFERROR(G56*INDEX('Food Data'!$AI$6:$AI$76,MATCH(6,'Matrix Model'!$P$112:$P$182,0))/100,"") -> 0
B57: Per-food limits (max servings, exclusions, must-include) are on Food Data. | F57: =IFERROR(INDEX('Matrix Model'!$B$112:$B$182,MATCH(7,'Matrix Model'!$P$112:$P$182,0)),"") | G57: =IFERROR(INDEX('Matrix Model'!$L$112:$L$182,MATCH(7,'Matrix Model'!$P$112:$P$182,0)),"") | H57: =IFERROR(G57/INDEX('Food Data'!$N$6:$N$76,MATCH(7,'Matrix Model'!$P$112:$P$182,0)),"") | I57: =IFERROR(G57*INDEX('Food Data'!$AH$6:$AH$76,MATCH(7,'Matrix Model'!$P$112:$P$182,0))/100,"") | J57: =IFERROR(G57*INDEX('Food Data'!$AI$6:$AI$76,MATCH(7,'Matrix Model'!$P$112:$P$182,0))/100,"")
F58: =IFERROR(INDEX('Matrix Model'!$B$112:$B$182,MATCH(8,'Matrix Model'!$P$112:$P$182,0)),"") | G58: =IFERROR(INDEX('Matrix Model'!$L$112:$L$182,MATCH(8,'Matrix Model'!$P$112:$P$182,0)),"") | H58: =IFERROR(G58/INDEX('Food Data'!$N$6:$N$76,MATCH(8,'Matrix Model'!$P$112:$P$182,0)),"") | I58: =IFERROR(G58*INDEX('Food Data'!$AH$6:$AH$76,MATCH(8,'Matrix Model'!$P$112:$P$182,0))/100,"") | J58: =IFERROR(G58*INDEX('Food Data'!$AI$6:$AI$76,MATCH(8,'Matrix Model'!$P$112:$P$182,0))/100,"")
F59: =IFERROR(INDEX('Matrix Model'!$B$112:$B$182,MATCH(9,'Matrix Model'!$P$112:$P$182,0)),"") | G59: =IFERROR(INDEX('Matrix Model'!$L$112:$L$182,MATCH(9,'Matrix Model'!$P$112:$P$182,0)),"") | H59: =IFERROR(G59/INDEX('Food Data'!$N$6:$N$76,MATCH(9,'Matrix Model'!$P$112:$P$182,0)),"") | I59: =IFERROR(G59*INDEX('Food Data'!$AH$6:$AH$76,MATCH(9,'Matrix Model'!$P$112:$P$182,0))/100,"") | J59: =IFERROR(G59*INDEX('Food Data'!$AI$6:$AI$76,MATCH(9,'Matrix Model'!$P$112:$P$182,0))/100,"")
F60: Dinner total | I60: ='Matrix Model'!F189 -> 929.27914 | J60: ='Matrix Model'!F190 -> 31.714392
F62: Snacks | G62: grams | H62: servings | I62: kcal | J62: protein (g)
F63: =IFERROR(INDEX('Matrix Model'!$B$112:$B$182,MATCH(1,'Matrix Model'!$Q$112:$Q$182,0)),"") -> Peanut butter | G63: =IFERROR(INDEX('Matrix Model'!$M$112:$M$182,MATCH(1,'Matrix Model'!$Q$112:$Q$182,0)),"") -> 32 | H63: =IFERROR(G63/INDEX('Food Data'!$N$6:$N$76,MATCH(1,'Matrix Model'!$Q$112:$Q$182,0)),"") -> 1 | I63: =IFERROR(G63*INDEX('Food Data'!$AH$6:$AH$76,MATCH(1,'Matrix Model'!$Q$112:$Q$182,0))/100,"") -> 191.36 | J63: =IFERROR(G63*INDEX('Food Data'!$AI$6:$AI$76,MATCH(1,'Matrix Model'!$Q$112:$Q$182,0))/100,"") -> 7.1072
F64: =IFERROR(INDEX('Matrix Model'!$B$112:$B$182,MATCH(2,'Matrix Model'!$Q$112:$Q$182,0)),"") -> 2% milk | G64: =IFERROR(INDEX('Matrix Model'!$M$112:$M$182,MATCH(2,'Matrix Model'!$Q$112:$Q$182,0)),"") -> 235.12344 | H64: =IFERROR(G64/INDEX('Food Data'!$N$6:$N$76,MATCH(2,'Matrix Model'!$Q$112:$Q$182,0)),"") -> 0.96362066 | I64: =IFERROR(G64*INDEX('Food Data'!$AH$6:$AH$76,MATCH(2,'Matrix Model'!$Q$112:$Q$182,0))/100,"") -> 117.56172 | J64: =IFERROR(G64*INDEX('Food Data'!$AI$6:$AI$76,MATCH(2,'Matrix Model'!$Q$112:$Q$182,0))/100,"") -> 7.7590736
F65: =IFERROR(INDEX('Matrix Model'!$B$112:$B$182,MATCH(3,'Matrix Model'!$Q$112:$Q$182,0)),"") -> Bananas | G65: =IFERROR(INDEX('Matrix Model'!$M$112:$M$182,MATCH(3,'Matrix Model'!$Q$112:$Q$182,0)),"") -> 118 | H65: =IFERROR(G65/INDEX('Food Data'!$N$6:$N$76,MATCH(3,'Matrix Model'!$Q$112:$Q$182,0)),"") -> 1 | I65: =IFERROR(G65*INDEX('Food Data'!$AH$6:$AH$76,MATCH(3,'Matrix Model'!$Q$112:$Q$182,0))/100,"") -> 105.02 | J65: =IFERROR(G65*INDEX('Food Data'!$AI$6:$AI$76,MATCH(3,'Matrix Model'!$Q$112:$Q$182,0))/100,"") -> 1.2862
F66: =IFERROR(INDEX('Matrix Model'!$B$112:$B$182,MATCH(4,'Matrix Model'!$Q$112:$Q$182,0)),"") | G66: =IFERROR(INDEX('Matrix Model'!$M$112:$M$182,MATCH(4,'Matrix Model'!$Q$112:$Q$182,0)),"") | H66: =IFERROR(G66/INDEX('Food Data'!$N$6:$N$76,MATCH(4,'Matrix Model'!$Q$112:$Q$182,0)),"") | I66: =IFERROR(G66*INDEX('Food Data'!$AH$6:$AH$76,MATCH(4,'Matrix Model'!$Q$112:$Q$182,0))/100,"") | J66: =IFERROR(G66*INDEX('Food Data'!$AI$6:$AI$76,MATCH(4,'Matrix Model'!$Q$112:$Q$182,0))/100,"")
F67: =IFERROR(INDEX('Matrix Model'!$B$112:$B$182,MATCH(5,'Matrix Model'!$Q$112:$Q$182,0)),"") | G67: =IFERROR(INDEX('Matrix Model'!$M$112:$M$182,MATCH(5,'Matrix Model'!$Q$112:$Q$182,0)),"") | H67: =IFERROR(G67/INDEX('Food Data'!$N$6:$N$76,MATCH(5,'Matrix Model'!$Q$112:$Q$182,0)),"") | I67: =IFERROR(G67*INDEX('Food Data'!$AH$6:$AH$76,MATCH(5,'Matrix Model'!$Q$112:$Q$182,0))/100,"") | J67: =IFERROR(G67*INDEX('Food Data'!$AI$6:$AI$76,MATCH(5,'Matrix Model'!$Q$112:$Q$182,0))/100,"")
F68: =IFERROR(INDEX('Matrix Model'!$B$112:$B$182,MATCH(6,'Matrix Model'!$Q$112:$Q$182,0)),"") | G68: =IFERROR(INDEX('Matrix Model'!$M$112:$M$182,MATCH(6,'Matrix Model'!$Q$112:$Q$182,0)),"") | H68: =IFERROR(G68/INDEX('Food Data'!$N$6:$N$76,MATCH(6,'Matrix Model'!$Q$112:$Q$182,0)),"") | I68: =IFERROR(G68*INDEX('Food Data'!$AH$6:$AH$76,MATCH(6,'Matrix Model'!$Q$112:$Q$182,0))/100,"") | J68: =IFERROR(G68*INDEX('Food Data'!$AI$6:$AI$76,MATCH(6,'Matrix Model'!$Q$112:$Q$182,0))/100,"")
F69: =IFERROR(INDEX('Matrix Model'!$B$112:$B$182,MATCH(7,'Matrix Model'!$Q$112:$Q$182,0)),"") | G69: =IFERROR(INDEX('Matrix Model'!$M$112:$M$182,MATCH(7,'Matrix Model'!$Q$112:$Q$182,0)),"") | H69: =IFERROR(G69/INDEX('Food Data'!$N$6:$N$76,MATCH(7,'Matrix Model'!$Q$112:$Q$182,0)),"") | I69: =IFERROR(G69*INDEX('Food Data'!$AH$6:$AH$76,MATCH(7,'Matrix Model'!$Q$112:$Q$182,0))/100,"") | J69: =IFERROR(G69*INDEX('Food Data'!$AI$6:$AI$76,MATCH(7,'Matrix Model'!$Q$112:$Q$182,0))/100,"")
F70: =IFERROR(INDEX('Matrix Model'!$B$112:$B$182,MATCH(8,'Matrix Model'!$Q$112:$Q$182,0)),"") | G70: =IFERROR(INDEX('Matrix Model'!$M$112:$M$182,MATCH(8,'Matrix Model'!$Q$112:$Q$182,0)),"") | H70: =IFERROR(G70/INDEX('Food Data'!$N$6:$N$76,MATCH(8,'Matrix Model'!$Q$112:$Q$182,0)),"") | I70: =IFERROR(G70*INDEX('Food Data'!$AH$6:$AH$76,MATCH(8,'Matrix Model'!$Q$112:$Q$182,0))/100,"") | J70: =IFERROR(G70*INDEX('Food Data'!$AI$6:$AI$76,MATCH(8,'Matrix Model'!$Q$112:$Q$182,0))/100,"")
F71: =IFERROR(INDEX('Matrix Model'!$B$112:$B$182,MATCH(9,'Matrix Model'!$Q$112:$Q$182,0)),"") | G71: =IFERROR(INDEX('Matrix Model'!$M$112:$M$182,MATCH(9,'Matrix Model'!$Q$112:$Q$182,0)),"") | H71: =IFERROR(G71/INDEX('Food Data'!$N$6:$N$76,MATCH(9,'Matrix Model'!$Q$112:$Q$182,0)),"") | I71: =IFERROR(G71*INDEX('Food Data'!$AH$6:$AH$76,MATCH(9,'Matrix Model'!$Q$112:$Q$182,0))/100,"") | J71: =IFERROR(G71*INDEX('Food Data'!$AI$6:$AI$76,MATCH(9,'Matrix Model'!$Q$112:$Q$182,0))/100,"")
F72: Snacks total | I72: ='Matrix Model'!G189 -> 413.94172 | J72: ='Matrix Model'!G190 -> 16.152474

Sheet DRI Tables
A1: DRI Tables — the numbers behind the person calculator
A2: Same values as the FeasaBULL Calories site. Activity coefficients: IOM (2005) EER equations, healthy-weight version.
A4: Group | B4: Inactive | C4: Low active | D4: Active | E4: Very active
A5: Men 19+ | B5: 1 | C5: 1.11 | D5: 1.25 | E5: 1.48
A6: Women 19+ | B6: 1 | C6: 1.12 | D6: 1.27 | E6: 1.45
A7: Boys 14–18 | B7: 1 | C7: 1.13 | D7: 1.26 | E7: 1.42
A8: Girls 14–18 | B8: 1 | C8: 1.16 | D8: 1.31 | E8: 1.56
A9: IOM 2005 values (used by default). Below: what the live FeasaBULL site uses today (men's values for everyone).
A10: Group (site) | B10: Inactive | C10: Low active | D10: Active | E10: Very active
A11: Men 19+ | B11: 1 | C11: 1.11 | D11: 1.25 | E11: 1.48
A12: Women 19+ | B12: 1 | C12: 1.11 | D12: 1.25 | E12: 1.48
A13: Boys 14–18 | B13: 1 | C13: 1.13 | D13: 1.26 | E13: 1.42
A14: Girls 14–18 | B14: 1 | C14: 1.13 | D14: 1.26 | E14: 1.42
A16: Goal | B16: kcal change | D16: Calorie floor
A17: Lose fat | B17: -500 | D17: Male | E17: 1500
A18: Maintain | B18: 0 | D18: Female | E18: 1200
A19: Build muscle | B19: 350
A22: Age bracket | B22: Ages | C22: Vit C (M) | D22: Vit C (F) | E22: Calcium (M) | F22: Calcium (F) | G22: Iron (M) | H22: Iron (F) | I22: Potassium (M) | J22: Potassium (F)
A23: teen | B23: 14–18 | C23: 75 | D23: 65 | E23: 1300 | F23: 1300 | G23: 11 | H23: 15 | I23: 3000 | J23: 2300
A24: young | B24: 19–30 | C24: 90 | D24: 75 | E24: 1000 | F24: 1000 | G24: 8 | H24: 18 | I24: 3400 | J24: 2600
A25: mid | B25: 31–50 | C25: 90 | D25: 75 | E25: 1000 | F25: 1000 | G25: 8 | H25: 18 | I25: 3400 | J25: 2600
A26: older | B26: 51–70 | C26: 90 | D26: 75 | E26: 1000 | F26: 1200 | G26: 8 | H26: 8 | I26: 3400 | J26: 2600
A27: oldest | B27: 71+ | C27: 90 | D27: 75 | E27: 1200 | F27: 1200 | G27: 8 | H27: 8 | I27: 3400 | J27: 2600
A29: Units: vitamin C, calcium, potassium in mg; iron in mg. Fiber = 14 g per 1,000 kcal. Sodium: keep under 2,300 mg.

Sheet Food Data
A1: Food Data — 71 common foods, sorted by group and type
A2: Prices: Walmart (Oct 2026, regular price) with BLS U.S. average (Sep 2026) for reference. Nutrients: USDA SR28, per 100 g edible.
A3: Blue = data you can edit (prices, servings, caps, exclusions). Black = formulas. Yellow = check this price. Edible yield removes bone, peel, shells (USDA refuse %).
A5: # | B5: Group | C5: Type | D5: Food | E5: Store product (Walmart) | F5: Price ($) | G5: Package as bought (g) | H5: Edible yield | I5: Walmart $ per 100 g edible | J5: BLS U.S. avg price ($) | K5: BLS unit (g) | L5: BLS $ per 100 g edible | M5: $ per 100 g USED | N5: Serving (g) | O5: Serving | P5: Max servings / day | Q5: Exclude? (Y) | R5: Must include (servings) | S5: Red meat | T5: Pork | U5: Poultry | V5: Fish | W5: Eggs | X5: Dairy | Y5: Gluten | Z5: Blocked by diet | AA5: Allowed (1/0) | AB5: Meal share: Breakfast | AC5: Meal share: Lunch | AD5: Meal share: Dinner | AE5: Meal share: Snacks | AF5: Grams per cup-equivalent | AG5: Group cap | AH5: Calories (kcal/100 g) | AI5: Protein (g/100 g) | AJ5: Carbohydrate (g/100 g) | AK5: Fat (g/100 g) | AL5: Fiber (g/100 g) | AM5: Total sugars (g/100 g) | AN5: Calcium (mg/100 g) | AO5: Iron (mg/100 g) | AP5: Potassium (mg/100 g) | AQ5: Sodium (mg/100 g) | AR5: Vitamin C (mg/100 g) | AS5: Protein per $ (g) | AT5: Calories per $ | AU5: USDA NDB # | AV5: USDA SR28 food | AW5: Price / data note
A6: 1 | B6: Proteins | C6: Poultry | D6: Chicken breast (boneless, skinless) | E6: Great Value frozen, 3 lb | F6: 9.84 | G6: 1360.8 | H6: 1 | I6: =F6/(G6*H6)*100 -> 0.72310406 | J6: 4.203 | K6: 453.6 | L6: =J6/(K6*H6)*100 -> 0.9265873 | M6: =IF(AND(IF(Planner!$C$39="BLS U.S. average (Sep 2026)",1,0)=1,L6<>""),L6,I6) -> 0.72310406 | N6: 113 | O6: 4 oz raw | P6: 2 | S6: 0 | T6: 0 | U6: 1 | V6: 0 | W6: 0 | X6: 0 | Y6: 0 | Z6: =SUMPRODUCT(S6:Y6,INDEX(Diets!$I$5:$O$12,MATCH(Planner!$C$36,Diets!$A$5:$A$12,0),0))+ISNUMBER(SEARCH(","&A6&",",","&SUBSTITUTE(INDEX(Diets!$P$5:$P$12,MATCH(Planner!$C$36,Diets!$A$5:$A$12,0))," ","")&","))*1 -> 0 | AA6: =IF(OR(UPPER(Q6)="Y",Z6>0),0,1) -> 1 | AB6: 0 | AC6: 0.5 | AD6: 0.5 | AE6: 0 | AG6: Meat, poultry & fish | AH6: 120 | AI6: 22.5 | AJ6: 0 | AK6: 2.62 | AL6: 0 | AM6: 0 | AN6: 5 | AO6: 0.37 | AP6: 334 | AQ6: 45 | AR6: 0 | AS6: =AI6/M6 -> 31.115854 | AT6: =AH6/M6 -> 165.95122 | AU6: 05062 | AV6: Chicken, broiler or fryers, breast, skinless, boneless, meat only, raw
A7: 2 | B7: Proteins | C7: Poultry | D7: Chicken drumsticks (bone-in) | E7: Great Value frozen, 4 lb | F7: 4.83 | G7: 1814.4 | H7: 0.67 | I7: =F7/(G7*H7)*100 -> 0.39731896 | J7: 1.739 | K7: 453.6 | L7: =J7/(K7*H7)*100 -> 0.57220511 | M7: =IF(AND(IF(Planner!$C$39="BLS U.S. average (Sep 2026)",1,0)=1,L7<>""),L7,I7) -> 0.39731896 | N7: 100 | O7: 100 g meat & skin (~1.5 drumsticks) | P7: 2 | S7: 0 | T7: 0 | U7: 1 | V7: 0 | W7: 0 | X7: 0 | Y7: 0 | Z7: =SUMPRODUCT(S7:Y7,INDEX(Diets!$I$5:$O$12,MATCH(Planner!$C$36,Diets!$A$5:$A$12,0),0))+ISNUMBER(SEARCH(","&A7&",",","&SUBSTITUTE(INDEX(Diets!$P$5:$P$12,MATCH(Planner!$C$36,Diets!$A$5:$A$12,0))," ","")&","))*1 -> 0 | AA7: =IF(OR(UPPER(Q7)="Y",Z7>0),0,1) -> 1 | AB7: 0 | AC7: 0.5 | AD7: 0.5 | AE7: 0 | AG7: Meat, poultry & fish | AH7: 161 | AI7: 18.08 | AJ7: 0.11 | AK7: 9.2 | AL7: 0 | AM7: 0 | AN7: 8 | AO7: 0.71 | AP7: 211 | AQ7: 106 | AR7: 0 | AS7: =AI7/M7 -> 45.505002 | AT7: =AH7/M7 -> 405.216 | AU7: 05066 | AV7: Chicken, broilers or fryers, drumstick, meat and skin, raw | AW7: Edible yield 67%: USDA lists bone twice (66%); 33% used; USDA refuse 66% (Bone and cartilage 33%, Bone and coonective tissue 33%) not applied: bought trimmed
A8: 3 | B8: Proteins | C8: Poultry | D8: Chicken thighs (boneless, skinless) | E8: Great Value frozen, 3 lb | F8: 9.87 | G8: 1360.8 | H8: 1 | I8: =F8/(G8*H8)*100 -> 0.72530864 | M8: =IF(AND(IF(Planner!$C$39="BLS U.S. average (Sep 2026)",1,0)=1,L8<>""),L8,I8) -> 0.72530864 | N8: 113 | O8: 4 oz raw | P8: 2 | S8: 0 | T8: 0 | U8: 1 | V8: 0 | W8: 0 | X8: 0 | Y8: 0 | Z8: =SUMPRODUCT(S8:Y8,INDEX(Diets!$I$5:$O$12,MATCH(Planner!$C$36,Diets!$A$5:$A$12,0),0))+ISNUMBER(SEARCH(","&A8&",",","&SUBSTITUTE(INDEX(Diets!$P$5:$P$12,MATCH(Planner!$C$36,Diets!$A$5:$A$12,0))," ","")&","))*1 -> 0 | AA8: =IF(OR(UPPER(Q8)="Y",Z8>0),0,1) -> 1 | AB8: 0 | AC8: 0.5 | AD8: 0.5 | AE8: 0 | AG8: Meat, poultry & fish | AH8: 121 | AI8: 19.66 | AJ8: 0 | AK8: 4.12 | AL8: 0 | AM8: 0 | AN8: 7 | AO8: 0.81 | AP8: 242 | AQ8: 95 | AR8: 0 | AS8: =AI8/M8 -> 27.105702 | AT8: =AH8/M8 -> 166.82553 | AU8: 05096 | AV8: Chicken, broilers or fryers, dark meat, thigh, meat only, raw | AW8: USDA refuse 25% ( Skin and separable fat 25%) not applied: bought trimmed
A9: 4 | B9: Proteins | C9: Poultry | D9: Deli turkey breast (sliced) | E9: Great Value thin sliced, 16 oz | F9: 5.97 | G9: 453.6 | H9: 1 | I9: =F9/(G9*H9)*100 -> 1.3161376 | M9: =IF(AND(IF(Planner!$C$39="BLS U.S. average (Sep 2026)",1,0)=1,L9<>""),L9,I9) -> 1.3161376 | N9: 56 | O9: 2 oz (about 4 slices) | P9: 2 | S9: 0 | T9: 0 | U9: 1 | V9: 0 | W9: 0 | X9: 0 | Y9: 0 | Z9: =SUMPRODUCT(S9:Y9,INDEX(Diets!$I$5:$O$12,MATCH(Planner!$C$36,Diets!$A$5:$A$12,0),0))+ISNUMBER(SEARCH(","&A9&",",","&SUBSTITUTE(INDEX(Diets!$P$5:$P$12,MATCH(Planner!$C$36,Diets!$A$5:$A$12,0))," ","")&","))*1 -> 0 | AA9: =IF(OR(UPPER(Q9)="Y",Z9>0),0,1) -> 1 | AB9: 0 | AC9: 1 | AD9: 0 | AE9: 0 | AG9: Meat, poultry & fish | AH9: 100 | AI9: 16.33 | AJ9: 2.34 | AK9: 2.37 | AL9: 0 | AM9: 3.28 | AN9: 7 | AO9: 0.34 | AP9: 401 | AQ9: 922 | AR9: 0 | AS9: =AI9/M9 -> 12.407518 | AT9: =AH9/M9 -> 75.979899 | AU9: 07081 | AV9: Turkey breast, sliced, prepackaged
A10: 5 | B10: Proteins | C10: Poultry | D10: Ground turkey 93/7 | E10: Jennie-O, 16 oz | F10: 5.56 | G10: 453.6 | H10: 1 | I10: =F10/(G10*H10)*100 -> 1.2257496 | M10: =IF(AND(IF(Planner!$C$39="BLS U.S. average (Sep 2026)",1,0)=1,L10<>""),L10,I10) -> 1.2257496 | N10: 113 | O10: 4 oz raw | P10: 2 | S10: 0 | T10: 0 | U10: 1 | V10: 0 | W10: 0 | X10: 0 | Y10: 0 | Z10: =SUMPRODUCT(S10:Y10,INDEX(Diets!$I$5:$O$12,MATCH(Planner!$C$36,Diets!$A$5:$A$12,0),0))+ISNUMBER(SEARCH(","&A10&",",","&SUBSTITUTE(INDEX(Diets!$P$5:$P$12,MATCH(Planner!$C$36,Diets!$A$5:$A$12,0))," ","")&","))*1 -> 0 | AA10: =IF(OR(UPPER(Q10)="Y",Z10>0),0,1) -> 1 | AB10: 0 | AC10: 0.5 | AD10: 0.5 | AE10: 0 | AG10: Meat, poultry & fish | AH10: 150 | AI10: 18.73 | AJ10: 0 | AK10: 8.34 | AL10: 0 | AM10: 0 | AN10: 21 | AO10: 1.17 | AP10: 213 | AQ10: 69 | AR10: 0 | AS10: =AI10/M10 -> 15.280446 | AT10: =AH10/M10 -> 122.3741 | AU10: 05665 | AV10: Ground turkey, 93% lean, 7% fat, raw
A11: 6 | B11: Proteins | C11: Red Meat & Pork | D11: Bacon | E11: Great Value hickory smoked, 16 oz | F11: 4.24 | G11: 453.6 | H11: 1 | I11: =F11/(G11*H11)*100 -> 0.93474427 | J11: 6.756 | K11: 453.6 | L11: =J11/(K11*H11)*100 -> 1.489418 | M11: =IF(AND(IF(Planner!$C$39="BLS U.S. average (Sep 2026)",1,0)=1,L11<>""),L11,I11) -> 0.93474427 | N11: 28 | O11: 1 slice raw | P11: 3 | S11: 1 | T11: 1 | U11: 0 | V11: 0 | W11: 0 | X11: 0 | Y11: 0 | Z11: =SUMPRODUCT(S11:Y11,INDEX(Diets!$I$5:$O$12,MATCH(Planner!$C$36,Diets!$A$5:$A$12,0),0))+ISNUMBER(SEARCH(","&A11&",",","&SUBSTITUTE(INDEX(Diets!$P$5:$P$12,MATCH(Planner!$C$36,Diets!$A$5:$A$12,0))," ","")&","))*1 -> 0 | AA11: =IF(OR(UPPER(Q11)="Y",Z11>0),0,1) -> 1 | AB11: 1 | AC11: 0 | AD11: 0 | AE11: 0 | AG11: Meat, poultry & fish | AH11: 417 | AI11: 12.62 | AJ11: 1.28 | AK11: 39.69 | AL11: 0 | AM11: 1 | AN11: 5 | AO11: 0.41 | AP11: 198 | AQ11: 662 | AR11: 0 | AS11: =AI11/M11 -> 13.501019 | AT11: =AH11/M11 -> 446.11132 | AU11: 10123 | AV11: Pork, cured, bacon, unprepared
A12: 7 | B12: Proteins | C12: Red Meat & Pork | D12: Ground beef 80/20 | E12: 80/20 ground chuck, 1 lb roll | F12: 6.43 | G12: 453.6 | H12: 1 | I12: =F12/(G12*H12)*100 -> 1.4175485 | J12: 6.792 | K12: 453.6 | L12: =J12/(K12*H12)*100 -> 1.4973545 | M12: =IF(AND(IF(Planner!$C$39="BLS U.S. average (Sep 2026)",1,0)=1,L12<>""),L12,I12) -> 1.4175485 | N12: 113 | O12: 4 oz raw | P12: 2 | S12: 1 | T12: 0 | U12: 0 | V12: 0 | W12: 0 | X12: 0 | Y12: 0 | Z12: =SUMPRODUCT(S12:Y12,INDEX(Diets!$I$5:$O$12,MATCH(Planner!$C$36,Diets!$A$5:$A$12,0),0))+ISNUMBER(SEARCH(","&A12&",",","&SUBSTITUTE(INDEX(Diets!$P$5:$P$12,MATCH(Planner!$C$36,Diets!$A$5:$A$12,0))," ","")&","))*1 -> 0 | AA12: =IF(OR(UPPER(Q12)="Y",Z12>0),0,1) -> 1 | AB12: 0 | AC12: 0.5 | AD12: 0.5 | AE12: 0 | AG12: Meat, poultry & fish | AH12: 254 | AI12: 17.17 | AJ12: 0 | AK12: 20 | AL12: 0 | AM12: 0 | AN12: 18 | AO12: 1.94 | AP12: 270 | AQ12: 66 | AR12: 0 | AS12: =AI12/M12 -> 12.11246 | AT12: =AH12/M12 -> 179.18258 | AU12: 23572 | AV12: Beef, ground, 80% lean meat / 20% fat, raw
A13: 8 | B13: Proteins | C13: Red Meat & Pork | D13: Ground beef 93/7 (lean) | E13: 93/7 lean ground beef, 1 lb | F13: 7.87 | G13: 453.6 | H13: 1 | I13: =F13/(G13*H13)*100 -> 1.7350088 | J13: 8.461 | K13: 453.6 | L13: =J13/(K13*H13)*100 -> 1.8652998 | M13: =IF(AND(IF(Planner!$C$39="BLS U.S. average (Sep 2026)",1,0)=1,L13<>""),L13,I13) -> 1.7350088 | N13: 113 | O13: 4 oz raw | P13: 2 | S13: 1 | T13: 0 | U13: 0 | V13: 0 | W13: 0 | X13: 0 | Y13: 0 | Z13: =SUMPRODUCT(S13:Y13,INDEX(Diets!$I$5:$O$12,MATCH(Planner!$C$36,Diets!$A$5:$A$12,0),0))+ISNUMBER(SEARCH(","&A13&",",","&SUBSTITUTE(INDEX(Diets!$P$5:$P$12,MATCH(Planner!$C$36,Diets!$A$5:$A$12,0))," ","")&","))*1 -> 0 | AA13: =IF(OR(UPPER(Q13)="Y",Z13>0),0,1) -> 1 | AB13: 0 | AC13: 0.5 | AD13: 0.5 | AE13: 0 | AG13: Meat, poultry & fish | AH13: 152 | AI13: 20.85 | AJ13: 0 | AK13: 7 | AL13: 0 | AM13: 0 | AN13: 10 | AO13: 2.33 | AP13: 336 | AQ13: 66 | AR13: 0 | AS13: =AI13/M13 -> 12.01723 | AT13: =AH13/M13 -> 87.607624 | AU13: 23472 | AV13: Beef, ground, 93% lean meat / 7% fat, raw
A14: 9 | B14: Proteins | C14: Red Meat & Pork | D14: Ham (sliced, cooked) | E14: Great Value cooked ham, 16 oz | F14: 4.97 | G14: 453.6 | H14: 1 | I14: =F14/(G14*H14)*100 -> 1.095679 | J14: 5.45 | K14: 453.6 | L14: =J14/(K14*H14)*100 -> 1.2014991 | M14: =IF(AND(IF(Planner!$C$39="BLS U.S. average (Sep 2026)",1,0)=1,L14<>""),L14,I14) -> 1.095679 | N14: 56 | O14: 2 oz (2 slices) | P14: 2 | S14: 1 | T14: 1 | U14: 0 | V14: 0 | W14: 0 | X14: 0 | Y14: 0 | Z14: =SUMPRODUCT(S14:Y14,INDEX(Diets!$I$5:$O$12,MATCH(Planner!$C$36,Diets!$A$5:$A$12,0),0))+ISNUMBER(SEARCH(","&A14&",",","&SUBSTITUTE(INDEX(Diets!$P$5:$P$12,MATCH(Planner!$C$36,Diets!$A$5:$A$12,0))," ","")&","))*1 -> 0 | AA14: =IF(OR(UPPER(Q14)="Y",Z14>0),0,1) -> 1 | AB14: 0 | AC14: 1 | AD14: 0 | AE14: 0 | AG14: Meat, poultry & fish | AH14: 163 | AI14: 16.6 | AJ14: 3.83 | AK14: 8.6 | AL14: 1.3 | AM14: 0 | AN14: 24 | AO14: 1.02 | AP14: 287 | AQ14: 1143 | AR14: 4 | AS14: =AI14/M14 -> 15.150423 | AT14: =AH14/M14 -> 148.7662 | AU14: 07029 | AV14: Ham, sliced, regular (approximately 11% fat) | AW14: Regular price; was on Rollback at $4.47
A15: 10 | B15: Proteins | C15: Red Meat & Pork | D15: Pork loin chops (boneless) | E15: Family pack, per lb | F15: 4.17 | G15: 453.6 | H15: 1 | I15: =F15/(G15*H15)*100 -> 0.91931217 | J15: 4.55 | K15: 453.6 | L15: =J15/(K15*H15)*100 -> 1.0030864 | M15: =IF(AND(IF(Planner!$C$39="BLS U.S. average (Sep 2026)",1,0)=1,L15<>""),L15,I15) -> 0.91931217 | N15: 113 | O15: 4 oz raw | P15: 2 | S15: 1 | T15: 1 | U15: 0 | V15: 0 | W15: 0 | X15: 0 | Y15: 0 | Z15: =SUMPRODUCT(S15:Y15,INDEX(Diets!$I$5:$O$12,MATCH(Planner!$C$36,Diets!$A$5:$A$12,0),0))+ISNUMBER(SEARCH(","&A15&",",","&SUBSTITUTE(INDEX(Diets!$P$5:$P$12,MATCH(Planner!$C$36,Diets!$A$5:$A$12,0))," ","")&","))*1 -> 0 | AA15: =IF(OR(UPPER(Q15)="Y",Z15>0),0,1) -> 1 | AB15: 0 | AC15: 0.5 | AD15: 0.5 | AE15: 0 | AG15: Meat, poultry & fish | AH15: 201 | AI15: 21.14 | AJ15: 0 | AK15: 12.96 | AL15: 0 | AM15: 0 | AN15: 9 | AO15: 0.48 | AP15: 345 | AQ15: 82 | AR15: 0 | AS15: =AI15/M15 -> 22.995453 | AT15: =AH15/M15 -> 218.64173 | AU15: 10164 | AV15: Pork, fresh, loin, center loin (chops), boneless, separable lean and fat, raw
A16: 11 | B16: Proteins | C16: Red Meat & Pork | D16: Top sirloin steak | E16: Choice Angus top sirloin, per lb | F16: 12.94 | G16: 453.6 | H16: 0.97 | I16: =F16/(G16*H16)*100 -> 2.9409626 | J16: 14.106 | K16: 453.6 | L16: =J16/(K16*H16)*100 -> 3.2059674 | M16: =IF(AND(IF(Planner!$C$39="BLS U.S. average (Sep 2026)",1,0)=1,L16<>""),L16,I16) -> 2.9409626 | N16: 113 | O16: 4 oz raw | P16: 2 | S16: 1 | T16: 0 | U16: 0 | V16: 0 | W16: 0 | X16: 0 | Y16: 0 | Z16: =SUMPRODUCT(S16:Y16,INDEX(Diets!$I$5:$O$12,MATCH(Planner!$C$36,Diets!$A$5:$A$12,0),0))+ISNUMBER(SEARCH(","&A16&",",","&SUBSTITUTE(INDEX(Diets!$P$5:$P$12,MATCH(Planner!$C$36,Diets!$A$5:$A$12,0))," ","")&","))*1 -> 0 | AA16: =IF(OR(UPPER(Q16)="Y",Z16>0),0,1) -> 1 | AB16: 0 | AC16: 0 | AD16: 1 | AE16: 0 | AG16: Meat, poultry & fish | AH16: 214 | AI16: 19.92 | AJ16: 0 | AK16: 14.28 | AL16: 0 | AM16: 0 | AN16: 25 | AO16: 1.46 | AP16: 309 | AQ16: 51 | AR16: 0 | AS16: =AI16/M16 -> 6.7732926 | AT16: =AH16/M16 -> 72.765292 | AU16: 13931 | AV16: Beef, top sirloin, steak, separable lean and fat, trimmed to 1/8" fat, choice, raw
A17: 12 | B17: Proteins | C17: Fish & Seafood | D17: Canned light tuna (in water) | E17: Great Value chunk light, 5 oz can | F17: 0.96 | G17: 141.7 | H17: 0.79 | I17: =F17/(G17*H17)*100 -> 0.8575793 | M17: =IF(AND(IF(Planner!$C$39="BLS U.S. average (Sep 2026)",1,0)=1,L17<>""),L17,I17) -> 0.8575793 | N17: 85 | O17: 3 oz drained | P17: 2 | S17: 0 | T17: 0 | U17: 0 | V17: 1 | W17: 0 | X17: 0 | Y17: 0 | Z17: =SUMPRODUCT(S17:Y17,INDEX(Diets!$I$5:$O$12,MATCH(Planner!$C$36,Diets!$A$5:$A$12,0),0))+ISNUMBER(SEARCH(","&A17&",",","&SUBSTITUTE(INDEX(Diets!$P$5:$P$12,MATCH(Planner!$C$36,Diets!$A$5:$A$12,0))," ","")&","))*1 -> 0 | AA17: =IF(OR(UPPER(Q17)="Y",Z17>0),0,1) -> 1 | AB17: 0 | AC17: 1 | AD17: 0 | AE17: 0 | AG17: Meat, poultry & fish | AH17: 86 | AI17: 19.44 | AJ17: 0 | AK17: 0.96 | AL17: 0 | AM17: 0 | AN17: 17 | AO17: 1.63 | AP17: 179 | AQ17: 247 | AR17: 0 | AS17: =AI17/M17 -> 22.668457 | AT17: =AH17/M17 -> 100.28227 | AU17: 15121 | AV17: Fish, tuna, light, canned in water, drained solids | AW17: Drained solids ~79% of can weight
A18: 13 | B18: Proteins | C18: Fish & Seafood | D18: Salmon (Atlantic, fillet) | E18: Marketside frozen portions, 2 lb | F18: 21.94 | G18: 907.2 | H18: 1 | I18: =F18/(G18*H18)*100 -> 2.4184303 | M18: =IF(AND(IF(Planner!$C$39="BLS U.S. average (Sep 2026)",1,0)=1,L18<>""),L18,I18) -> 2.4184303 | N18: 113 | O18: 4 oz raw | P18: 2 | S18: 0 | T18: 0 | U18: 0 | V18: 1 | W18: 0 | X18: 0 | Y18: 0 | Z18: =SUMPRODUCT(S18:Y18,INDEX(Diets!$I$5:$O$12,MATCH(Planner!$C$36,Diets!$A$5:$A$12,0),0))+ISNUMBER(SEARCH(","&A18&",",","&SUBSTITUTE(INDEX(Diets!$P$5:$P$12,MATCH(Planner!$C$36,Diets!$A$5:$A$12,0))," ","")&","))*1 -> 0 | AA18: =IF(OR(UPPER(Q18)="Y",Z18>0),0,1) -> 1 | AB18: 0 | AC18: 0 | AD18: 1 | AE18: 0 | AG18: Meat, poultry & fish | AH18: 208 | AI18: 20.42 | AJ18: 0 | AK18: 13.42 | AL18: 0 | AM18: 0 | AN18: 9 | AO18: 0.34 | AP18: 363 | AQ18: 59 | AR18: 3.9 | AS18: =AI18/M18 -> 8.4434932 | AT18: =AH18/M18 -> 86.006199 | AU18: 15236 | AV18: Fish, salmon, Atlantic, farmed, raw
A19: 14 | B19: Proteins | C19: Fish & Seafood | D19: Shrimp (raw, peeled) | E19: Great Value frozen, 2 lb | F19: 15.96 | G19: 907.2 | H19: 1 | I19: =F19/(G19*H19)*100 -> 1.7592593 | M19: =IF(AND(IF(Planner!$C$39="BLS U.S. average (Sep 2026)",1,0)=1,L19<>""),L19,I19) -> 1.7592593 | N19: 113 | O19: 4 oz raw | P19: 2 | S19: 0 | T19: 0 | U19: 0 | V19: 1 | W19: 0 | X19: 0 | Y19: 0 | Z19: =SUMPRODUCT(S19:Y19,INDEX(Diets!$I$5:$O$12,MATCH(Planner!$C$36,Diets!$A$5:$A$12,0),0))+ISNUMBER(SEARCH(","&A19&",",","&SUBSTITUTE(INDEX(Diets!$P$5:$P$12,MATCH(Planner!$C$36,Diets!$A$5:$A$12,0))," ","")&","))*1 -> 0 | AA19: =IF(OR(UPPER(Q19)="Y",Z19>0),0,1) -> 1 | AB19: 0 | AC19: 0 | AD19: 1 | AE19: 0 | AG19: Meat, poultry & fish | AH19: 71 | AI19: 13.61 | AJ19: 0.91 | AK19: 1.01 | AL19: 0 | AM19: 0 | AN19: 54 | AO19: 0.21 | AP19: 113 | AQ19: 566 | AR19: 0 | AS19: =AI19/M19 -> 7.7362105 | AT19: =AH19/M19 -> 40.357895 | AU19: 15149 | AV19: Crustaceans, shrimp, mixed species, raw (may have been previously frozen)
A20: 15 | B20: Proteins | C20: Fish & Seafood | D20: Tilapia (fillet) | E20: Great Value frozen, 2 lb | F20: 8.87 | G20: 907.2 | H20: 1 | I20: =F20/(G20*H20)*100 -> 0.97773369 | M20: =IF(AND(IF(Planner!$C$39="BLS U.S. average (Sep 2026)",1,0)=1,L20<>""),L20,I20) -> 0.97773369 | N20: 113 | O20: 4 oz raw | P20: 2 | S20: 0 | T20: 0 | U20: 0 | V20: 1 | W20: 0 | X20: 0 | Y20: 0 | Z20: =SUMPRODUCT(S20:Y20,INDEX(Diets!$I$5:$O$12,MATCH(Planner!$C$36,Diets!$A$5:$A$12,0),0))+ISNUMBER(SEARCH(","&A20&",",","&SUBSTITUTE(INDEX(Diets!$P$5:$P$12,MATCH(Planner!$C$36,Diets!$A$5:$A$12,0))," ","")&","))*1 -> 0 | AA20: =IF(OR(UPPER(Q20)="Y",Z20>0),0,1) -> 1 | AB20: 0 | AC20: 0.5 | AD20: 0.5 | AE20: 0 | AG20: Meat, poultry & fish | AH20: 96 | AI20: 20.08 | AJ20: 0 | AK20: 1.7 | AL20: 0 | AM20: 0 | AN20: 10 | AO20: 0.56 | AP20: 302 | AQ20: 52 | AR20: 0 | AS20: =AI20/M20 -> 20.53729 | AT20: =AH20/M20 -> 98.186246 | AU20: 15261 | AV20: Fish, tilapia, raw
A21: 16 | B21: Proteins | C21: Eggs | D21: Eggs (large) | E21: Great Value large, 12 ct | F21: 1.67 | G21: 681.8 | H21: 0.88 | I21: =F21/(G21*H21)*100 -> 0.27834076 | J21: 2.272 | K21: 681.8 | L21: =J21/(K21*H21)*100 -> 0.37867676 | M21: =IF(AND(IF(Planner!$C$39="BLS U.S. average (Sep 2026)",1,0)=1,L21<>""),L21,I21) -> 0.27834076 | N21: 50 | O21: 1 large egg | P21: 3 | S21: 0 | T21: 0 | U21: 0 | V21: 0 | W21: 1 | X21: 0 | Y21: 0 | Z21: =SUMPRODUCT(S21:Y21,INDEX(Diets!$I$5:$O$12,MATCH(Planner!$C$36,Diets!$A$5:$A$12,0),0))+ISNUMBER(SEARCH(","&A21&",",","&SUBSTITUTE(INDEX(Diets!$P$5:$P$12,MATCH(Planner!$C$36,Diets!$A$5:$A$12,0))," ","")&","))*1 -> 0 | AA21: =IF(OR(UPPER(Q21)="Y",Z21>0),0,1) -> 1 | AB21: 1 | AC21: 0 | AD21: 0 | AE21: 0 | AH21: 143 | AI21: 12.56 | AJ21: 0.72 | AK21: 9.51 | AL21: 0 | AM21: 0.37 | AN21: 56 | AO21: 1.75 | AP21: 138 | AQ21: 142 | AR21: 0 | AS21: =AI21/M21 -> 45.124545 | AT21: =AH21/M21 -> 513.75875 | AU21: 01123 | AV21: Egg, whole, raw, fresh | AW21: Dozen = 12 x 50 g edible; shell is 12% of weight
A22: 17 | B22: Proteins | C22: Plant Proteins | D22: Black beans (canned) | E22: Great Value no salt added, 15 oz | F22: 0.92 | G22: 425.2 | H22: 1 | I22: =F22/(G22*H22)*100 -> 0.21636877 | M22: =IF(AND(IF(Planner!$C$39="BLS U.S. average (Sep 2026)",1,0)=1,L22<>""),L22,I22) -> 0.21636877 | N22: 120 | O22: 1/2 cup | P22: 3 | S22: 0 | T22: 0 | U22: 0 | V22: 0 | W22: 0 | X22: 0 | Y22: 0 | Z22: =SUMPRODUCT(S22:Y22,INDEX(Diets!$I$5:$O$12,MATCH(Planner!$C$36,Diets!$A$5:$A$12,0),0))+ISNUMBER(SEARCH(","&A22&",",","&SUBSTITUTE(INDEX(Diets!$P$5:$P$12,MATCH(Planner!$C$36,Diets!$A$5:$A$12,0))," ","")&","))*1 -> 0 | AA22: =IF(OR(UPPER(Q22)="Y",Z22>0),0,1) -> 1 | AB22: 0 | AC22: 0.5 | AD22: 0.5 | AE22: 0 | AG22: Beans & lentils | AH22: 91 | AI22: 6.03 | AJ22: 16.55 | AK22: 0.29 | AL22: 6.9 | AM22: 0.23 | AN22: 35 | AO22: 1.9 | AP22: 308 | AQ22: 138 | AR22: 2.7 | AS22: =AI22/M22 -> 27.869087 | AT22: =AH22/M22 -> 420.57826 | AU22: 16316 | AV22: Beans, black, mature seeds, canned, low sodium | AW22: Nutrients for solids + liquid
A23: 18 | B23: Proteins | C23: Plant Proteins | D23: Chickpeas (canned) | E23: Great Value, 15.5 oz | F23: 0.92 | G23: 439.4 | H23: 1 | I23: =F23/(G23*H23)*100 -> 0.20937642 | M23: =IF(AND(IF(Planner!$C$39="BLS U.S. average (Sep 2026)",1,0)=1,L23<>""),L23,I23) -> 0.20937642 | N23: 120 | O23: 1/2 cup | P23: 3 | S23: 0 | T23: 0 | U23: 0 | V23: 0 | W23: 0 | X23: 0 | Y23: 0 | Z23: =SUMPRODUCT(S23:Y23,INDEX(Diets!$I$5:$O$12,MATCH(Planner!$C$36,Diets!$A$5:$A$12,0),0))+ISNUMBER(SEARCH(","&A23&",",","&SUBSTITUTE(INDEX(Diets!$P$5:$P$12,MATCH(Planner!$C$36,Diets!$A$5:$A$12,0))," ","")&","))*1 -> 0 | AA23: =IF(OR(UPPER(Q23)="Y",Z23>0),0,1) -> 1 | AB23: 0 | AC23: 0.5 | AD23: 0.5 | AE23: 0 | AG23: Beans & lentils | AH23: 88 | AI23: 4.92 | AJ23: 13.49 | AK23: 1.95 | AL23: 4.4 | AM23: 0 | AN23: 35 | AO23: 1.23 | AP23: 144 | AQ23: 278 | AR23: 0.1 | AS23: =AI23/M23 -> 23.498348 | AT23: =AH23/M23 -> 420.29565 | AU23: 16058 | AV23: Chickpeas (garbanzo beans, bengal gram), mature seeds, canned, solids and liquids | AW23: Nutrients for solids + liquid
A24: 19 | B24: Proteins | C24: Plant Proteins | D24: Lentils (dry) | E24: Great Value, 1 lb | F24: 1.92 | G24: 453.6 | H24: 1 | I24: =F24/(G24*H24)*100 -> 0.42328042 | M24: =IF(AND(IF(Planner!$C$39="BLS U.S. average (Sep 2026)",1,0)=1,L24<>""),L24,I24) -> 0.42328042 | N24: 48 | O24: 1/4 cup dry (~3/4 cup cooked) | P24: 3 | S24: 0 | T24: 0 | U24: 0 | V24: 0 | W24: 0 | X24: 0 | Y24: 0 | Z24: =SUMPRODUCT(S24:Y24,INDEX(Diets!$I$5:$O$12,MATCH(Planner!$C$36,Diets!$A$5:$A$12,0),0))+ISNUMBER(SEARCH(","&A24&",",","&SUBSTITUTE(INDEX(Diets!$P$5:$P$12,MATCH(Planner!$C$36,Diets!$A$5:$A$12,0))," ","")&","))*1 -> 0 | AA24: =IF(OR(UPPER(Q24)="Y",Z24>0),0,1) -> 1 | AB24: 0 | AC24: 0.5 | AD24: 0.5 | AE24: 0 | AG24: Beans & lentils | AH24: 352 | AI24: 24.63 | AJ24: 63.35 | AK24: 1.06 | AL24: 10.7 | AM24: 2.03 | AN24: 35 | AO24: 6.51 | AP24: 677 | AQ24: 6 | AR24: 4.5 | AS24: =AI24/M24 -> 58.188375 | AT24: =AH24/M24 -> 831.6 | AU24: 16069 | AV24: Lentils, raw
A25: 20 | B25: Proteins | C25: Plant Proteins | D25: Peanut butter | E25: Great Value creamy, 40 oz | F25: 3.98 | G25: 1134 | H25: 1 | I25: =F25/(G25*H25)*100 -> 0.35097002 | M25: =IF(AND(IF(Planner!$C$39="BLS U.S. average (Sep 2026)",1,0)=1,L25<>""),L25,I25) -> 0.35097002 | N25: 32 | O25: 2 tbsp | P25: 2 | S25: 0 | T25: 0 | U25: 0 | V25: 0 | W25: 0 | X25: 0 | Y25: 0 | Z25: =SUMPRODUCT(S25:Y25,INDEX(Diets!$I$5:$O$12,MATCH(Planner!$C$36,Diets!$A$5:$A$12,0),0))+ISNUMBER(SEARCH(","&A25&",",","&SUBSTITUTE(INDEX(Diets!$P$5:$P$12,MATCH(Planner!$C$36,Diets!$A$5:$A$12,0))," ","")&","))*1 -> 0 | AA25: =IF(OR(UPPER(Q25)="Y",Z25>0),0,1) -> 1 | AB25: 0.5 | AC25: 0 | AD25: 0 | AE25: 0.5 | AH25: 598 | AI25: 22.21 | AJ25: 22.31 | AK25: 51.36 | AL25: 5 | AM25: 10.49 | AN25: 49 | AO25: 1.74 | AP25: 558 | AQ25: 426 | AR25: 0 | AS25: =AI25/M25 -> 63.281759 | AT25: =AH25/M25 -> 1703.8492 | AU25: 16098 | AV25: Peanut butter, smooth style, with salt
A26: 21 | B26: Proteins | C26: Plant Proteins | D26: Pinto beans (dry) | E26: Great Value, 2 lb | F26: 1.98 | G26: 907.2 | H26: 1 | I26: =F26/(G26*H26)*100 -> 0.21825397 | J26: 1.669 | K26: 453.6 | L26: =J26/(K26*H26)*100 -> 0.36794533 | M26: =IF(AND(IF(Planner!$C$39="BLS U.S. average (Sep 2026)",1,0)=1,L26<>""),L26,I26) -> 0.21825397 | N26: 48 | O26: 1/4 cup dry (~3/4 cup cooked) | P26: 3 | S26: 0 | T26: 0 | U26: 0 | V26: 0 | W26: 0 | X26: 0 | Y26: 0 | Z26: =SUMPRODUCT(S26:Y26,INDEX(Diets!$I$5:$O$12,MATCH(Planner!$C$36,Diets!$A$5:$A$12,0),0))+ISNUMBER(SEARCH(","&A26&",",","&SUBSTITUTE(INDEX(Diets!$P$5:$P$12,MATCH(Planner!$C$36,Diets!$A$5:$A$12,0))," ","")&","))*1 -> 0 | AA26: =IF(OR(UPPER(Q26)="Y",Z26>0),0,1) -> 1 | AB26: 0 | AC26: 0.5 | AD26: 0.5 | AE26: 0 | AG26: Beans & lentils | AH26: 347 | AI26: 21.42 | AJ26: 62.55 | AK26: 1.23 | AL26: 15.5 | AM26: 2.11 | AN26: 113 | AO26: 5.07 | AP26: 1393 | AQ26: 12 | AR26: 6.3 | AS26: =AI26/M26 -> 98.142545 | AT26: =AH26/M26 -> 1589.8909 | AU26: 16042 | AV26: Beans, pinto, mature seeds, raw
A27: 22 | B27: Proteins | C27: Plant Proteins | D27: Tofu (extra firm) | E27: Nasoya extra firm, 14 oz | F27: 2.97 | G27: 396.9 | H27: 1 | I27: =F27/(G27*H27)*100 -> 0.74829932 | M27: =IF(AND(IF(Planner!$C$39="BLS U.S. average (Sep 2026)",1,0)=1,L27<>""),L27,I27) -> 0.74829932 | N27: 85 | O27: 3 oz | P27: 3 | S27: 0 | T27: 0 | U27: 0 | V27: 0 | W27: 0 | X27: 0 | Y27: 0 | Z27: =SUMPRODUCT(S27:Y27,INDEX(Diets!$I$5:$O$12,MATCH(Planner!$C$36,Diets!$A$5:$A$12,0),0))+ISNUMBER(SEARCH(","&A27&",",","&SUBSTITUTE(INDEX(Diets!$P$5:$P$12,MATCH(Planner!$C$36,Diets!$A$5:$A$12,0))," ","")&","))*1 -> 0 | AA27: =IF(OR(UPPER(Q27)="Y",Z27>0),0,1) -> 1 | AB27: 0 | AC27: 0.5 | AD27: 0.5 | AE27: 0 | AH27: 98 | AI27: 10.1 | AJ27: 2.6 | AK27: 5.2 | AL27: 1.3 | AM27: 0.4 | AN27: 77 | AO27: 1.6 | AP27: 0 | AQ27: 4 | AR27: 0 | AS27: =AI27/M27 -> 13.497273 | AT27: =AH27/M27 -> 130.96364 | AU27: 16212 | AV27: Vitasoy USA, Organic Nasoya Extra Firm Tofu | AW27: Price undated (Walmart Business listing)
A28: 23 | B28: Dairy & Alternatives | C28: Milk & Yogurt | D28: 2% milk | E28: Great Value, 1 gal | F28: 3.31 | G28: 3904 | H28: 1 | I28: =F28/(G28*H28)*100 -> 0.084784836 | M28: =IF(AND(IF(Planner!$C$39="BLS U.S. average (Sep 2026)",1,0)=1,L28<>""),L28,I28) -> 0.084784836 | N28: 244 | O28: 1 cup | P28: 3 | S28: 0 | T28: 0 | U28: 0 | V28: 0 | W28: 0 | X28: 1 | Y28: 0 | Z28: =SUMPRODUCT(S28:Y28,INDEX(Diets!$I$5:$O$12,MATCH(Planner!$C$36,Diets!$A$5:$A$12,0),0))+ISNUMBER(SEARCH(","&A28&",",","&SUBSTITUTE(INDEX(Diets!$P$5:$P$12,MATCH(Planner!$C$36,Diets!$A$5:$A$12,0))," ","")&","))*1 -> 0 | AA28: =IF(OR(UPPER(Q28)="Y",Z28>0),0,1) -> 1 | AB28: 0.5 | AC28: 0 | AD28: 0 | AE28: 0.5 | AH28: 50 | AI28: 3.3 | AJ28: 4.8 | AK28: 1.98 | AL28: 0 | AM28: 5.06 | AN28: 120 | AO28: 0.02 | AP28: 140 | AQ28: 47 | AR28: 0.2 | AS28: =AI28/M28 -> 38.922054 | AT28: =AH28/M28 -> 589.7281 | AU28: 01079 | AV28: Milk, reduced fat, fluid, 2% milkfat, with added vitamin A and vitamin D | AW28: Gallon = 16 cups x 244 g
A29: 24 | B29: Dairy & Alternatives | C29: Milk & Yogurt | D29: Greek yogurt (plain, nonfat) | E29: Great Value, 32 oz | F29: 3.28 | G29: 907.2 | H29: 1 | I29: =F29/(G29*H29)*100 -> 0.36155203 | M29: =IF(AND(IF(Planner!$C$39="BLS U.S. average (Sep 2026)",1,0)=1,L29<>""),L29,I29) -> 0.36155203 | N29: 170 | O29: 1 container (6 oz) | P29: 2 | S29: 0 | T29: 0 | U29: 0 | V29: 0 | W29: 0 | X29: 1 | Y29: 0 | Z29: =SUMPRODUCT(S29:Y29,INDEX(Diets!$I$5:$O$12,MATCH(Planner!$C$36,Diets!$A$5:$A$12,0),0))+ISNUMBER(SEARCH(","&A29&",",","&SUBSTITUTE(INDEX(Diets!$P$5:$P$12,MATCH(Planner!$C$36,Diets!$A$5:$A$12,0))," ","")&","))*1 -> 0 | AA29: =IF(OR(UPPER(Q29)="Y",Z29>0),0,1) -> 1 | AB29: 0.5 | AC29: 0 | AD29: 0 | AE29: 0.5 | AH29: 59 | AI29: 10.19 | AJ29: 3.6 | AK29: 0.39 | AL29: 0 | AM29: 3.24 | AN29: 110 | AO29: 0.07 | AP29: 141 | AQ29: 36 | AR29: 0 | AS29: =AI29/M29 -> 28.184049 | AT29: =AH29/M29 -> 163.18537 | AU29: 01256 | AV29: Yogurt, Greek, plain, nonfat
A30: 25 | B30: Dairy & Alternatives | C30: Milk & Yogurt | D30: Soy milk (calcium-fortified) | E30: Silk original, 64 fl oz | F30: 4.57 | G30: 1944 | H30: 1 | I30: =F30/(G30*H30)*100 -> 0.2350823 | M30: =IF(AND(IF(Planner!$C$39="BLS U.S. average (Sep 2026)",1,0)=1,L30<>""),L30,I30) -> 0.2350823 | N30: 243 | O30: 1 cup | P30: 3 | S30: 0 | T30: 0 | U30: 0 | V30: 0 | W30: 0 | X30: 0 | Y30: 0 | Z30: =SUMPRODUCT(S30:Y30,INDEX(Diets!$I$5:$O$12,MATCH(Planner!$C$36,Diets!$A$5:$A$12,0),0))+ISNUMBER(SEARCH(","&A30&",",","&SUBSTITUTE(INDEX(Diets!$P$5:$P$12,MATCH(Planner!$C$36,Diets!$A$5:$A$12,0))," ","")&","))*1 -> 0 | AA30: =IF(OR(UPPER(Q30)="Y",Z30>0),0,1) -> 1 | AB30: 0.5 | AC30: 0 | AD30: 0 | AE30: 0.5 | AH30: 43 | AI30: 2.6 | AJ30: 4.92 | AK30: 1.47 | AL30: 0.2 | AM30: 3.65 | AN30: 123 | AO30: 0.42 | AP30: 122 | AQ30: 47 | AR30: 0 | AS30: =AI30/M30 -> 11.059956 | AT30: =AH30/M30 -> 182.91466 | AU30: 16139 | AV30: Soymilk, original and vanilla, with added calcium, vitamins A and D | AW30: Half gallon = 8 cups x 243 g
A31: 26 | B31: Dairy & Alternatives | C31: Milk & Yogurt | D31: Whole milk | E31: Great Value, 1 gal | F31: 3.48 | G31: 3904 | H31: 1 | I31: =F31/(G31*H31)*100 -> 0.089139344 | J31: 4.106 | K31: 3904 | L31: =J31/(K31*H31)*100 -> 0.10517418 | M31: =IF(AND(IF(Planner!$C$39="BLS U.S. average (Sep 2026)",1,0)=1,L31<>""),L31,I31) -> 0.089139344 | N31: 244 | O31: 1 cup | P31: 3 | S31: 0 | T31: 0 | U31: 0 | V31: 0 | W31: 0 | X31: 1 | Y31: 0 | Z31: =SUMPRODUCT(S31:Y31,INDEX(Diets!$I$5:$O$12,MATCH(Planner!$C$36,Diets!$A$5:$A$12,0),0))+ISNUMBER(SEARCH(","&A31&",",","&SUBSTITUTE(INDEX(Diets!$P$5:$P$12,MATCH(Planner!$C$36,Diets!$A$5:$A$12,0))," ","")&","))*1 -> 0 | AA31: =IF(OR(UPPER(Q31)="Y",Z31>0),0,1) -> 1 | AB31: 0.5 | AC31: 0 | AD31: 0 | AE31: 0.5 | AH31: 61 | AI31: 3.15 | AJ31: 4.8 | AK31: 3.25 | AL31: 0 | AM31: 5.05 | AN31: 113 | AO31: 0.03 | AP31: 132 | AQ31: 43 | AR31: 0 | AS31: =AI31/M31 -> 35.337931 | AT31: =AH31/M31 -> 684.32184 | AU31: 01077 | AV31: Milk, whole, 3.25% milkfat, with added vitamin D | AW31: Gallon = 16 cups x 244 g
A32: 27 | B32: Dairy & Alternatives | C32: Cheese | D32: American cheese (singles) | E32: Great Value, 16 oz / 24 slices | F32: 2.48 | G32: 453.6 | H32: 1 | I32: =F32/(G32*H32)*100 -> 0.54673721 | J32: 4.737 | K32: 453.6 | L32: =J32/(K32*H32)*100 -> 1.0443122 | M32: =IF(AND(IF(Planner!$C$39="BLS U.S. average (Sep 2026)",1,0)=1,L32<>""),L32,I32) -> 0.54673721 | N32: 19 | O32: 1 slice | P32: 3 | S32: 0 | T32: 0 | U32: 0 | V32: 0 | W32: 0 | X32: 1 | Y32: 0 | Z32: =SUMPRODUCT(S32:Y32,INDEX(Diets!$I$5:$O$12,MATCH(Planner!$C$36,Diets!$A$5:$A$12,0),0))+ISNUMBER(SEARCH(","&A32&",",","&SUBSTITUTE(INDEX(Diets!$P$5:$P$12,MATCH(Planner!$C$36,Diets!$A$5:$A$12,0))," ","")&","))*1 -> 0 | AA32: =IF(OR(UPPER(Q32)="Y",Z32>0),0,1) -> 1 | AB32: 0 | AC32: 1 | AD32: 0 | AE32: 0 | AG32: Cheese | AH32: 366 | AI32: 18.13 | AJ32: 4.78 | AK32: 30.71 | AL32: 0 | AM32: 2.26 | AN32: 1045 | AO32: 0.63 | AP32: 132 | AQ32: 1671 | AR32: 0 | AS32: =AI32/M32 -> 33.160355 | AT32: =AH32/M32 -> 669.42581 | AU32: 01042 | AV32: Cheese, pasteurized process, American, fortified with vitamin D
A33: 28 | B33: Dairy & Alternatives | C33: Cheese | D33: Cheddar cheese | E33: Great Value medium block, 8 oz | F33: 1.87 | G33: 226.8 | H33: 1 | I33: =F33/(G33*H33)*100 -> 0.82451499 | J33: 6.133 | K33: 453.6 | L33: =J33/(K33*H33)*100 -> 1.3520723 | M33: =IF(AND(IF(Planner!$C$39="BLS U.S. average (Sep 2026)",1,0)=1,L33<>""),L33,I33) -> 0.82451499 | N33: 28 | O33: 1 oz | P33: 2 | S33: 0 | T33: 0 | U33: 0 | V33: 0 | W33: 0 | X33: 1 | Y33: 0 | Z33: =SUMPRODUCT(S33:Y33,INDEX(Diets!$I$5:$O$12,MATCH(Planner!$C$36,Diets!$A$5:$A$12,0),0))+ISNUMBER(SEARCH(","&A33&",",","&SUBSTITUTE(INDEX(Diets!$P$5:$P$12,MATCH(Planner!$C$36,Diets!$A$5:$A$12,0))," ","")&","))*1 -> 0 | AA33: =IF(OR(UPPER(Q33)="Y",Z33>0),0,1) -> 1 | AB33: 0 | AC33: 0.5 | AD33: 0.5 | AE33: 0 | AG33: Cheese | AH33: 404 | AI33: 22.87 | AJ33: 3.09 | AK33: 33.31 | AL33: 0 | AM33: 0.48 | AN33: 710 | AO33: 0.14 | AP33: 76 | AQ33: 653 | AR33: 0 | AS33: =AI33/M33 -> 27.737519 | AT33: =AH33/M33 -> 489.98503 | AU33: 01009 | AV33: Cheese, cheddar
A34: 29 | B34: Dairy & Alternatives | C34: Cheese | D34: Cottage cheese (2%) | E34: Great Value small curd, 24 oz | F34: 2.87 | G34: 680.4 | H34: 1 | I34: =F34/(G34*H34)*100 -> 0.4218107 | M34: =IF(AND(IF(Planner!$C$39="BLS U.S. average (Sep 2026)",1,0)=1,L34<>""),L34,I34) -> 0.4218107 | N34: 113 | O34: 1/2 cup | P34: 2 | S34: 0 | T34: 0 | U34: 0 | V34: 0 | W34: 0 | X34: 1 | Y34: 0 | Z34: =SUMPRODUCT(S34:Y34,INDEX(Diets!$I$5:$O$12,MATCH(Planner!$C$36,Diets!$A$5:$A$12,0),0))+ISNUMBER(SEARCH(","&A34&",",","&SUBSTITUTE(INDEX(Diets!$P$5:$P$12,MATCH(Planner!$C$36,Diets!$A$5:$A$12,0))," ","")&","))*1 -> 0 | AA34: =IF(OR(UPPER(Q34)="Y",Z34>0),0,1) -> 1 | AB34: 0 | AC34: 0.5 | AD34: 0 | AE34: 0.5 | AG34: Cheese | AH34: 81 | AI34: 10.45 | AJ34: 4.76 | AK34: 2.27 | AL34: 0 | AM34: 4 | AN34: 111 | AO34: 0.13 | AP34: 125 | AQ34: 308 | AR34: 0 | AS34: =AI34/M34 -> 24.774146 | AT34: =AH34/M34 -> 192.02927 | AU34: 01015 | AV34: Cheese, cottage, lowfat, 2% milkfat
A35: 30 | B35: Dairy & Alternatives | C35: Cheese | D35: Mozzarella string cheese | E35: Great Value part-skim, 12 ct | F35: 3.28 | G35: 340.2 | H35: 1 | I35: =F35/(G35*H35)*100 -> 0.96413874 | M35: =IF(AND(IF(Planner!$C$39="BLS U.S. average (Sep 2026)",1,0)=1,L35<>""),L35,I35) -> 0.96413874 | N35: 28 | O35: 1 stick | P35: 2 | S35: 0 | T35: 0 | U35: 0 | V35: 0 | W35: 0 | X35: 1 | Y35: 0 | Z35: =SUMPRODUCT(S35:Y35,INDEX(Diets!$I$5:$O$12,MATCH(Planner!$C$36,Diets!$A$5:$A$12,0),0))+ISNUMBER(SEARCH(","&A35&",",","&SUBSTITUTE(INDEX(Diets!$P$5:$P$12,MATCH(Planner!$C$36,Diets!$A$5:$A$12,0))," ","")&","))*1 -> 0 | AA35: =IF(OR(UPPER(Q35)="Y",Z35>0),0,1) -> 1 | AB35: 0 | AC35: 0 | AD35: 0 | AE35: 1 | AG35: Cheese | AH35: 295 | AI35: 23.75 | AJ35: 5.58 | AK35: 19.78 | AL35: 0 | AM35: 1.9 | AN35: 697 | AO35: 0.22 | AP35: 188 | AQ35: 666 | AR35: 0 | AS35: =AI35/M35 -> 24.633384 | AT35: =AH35/M35 -> 305.97256 | AU35: 01029 | AV35: Cheese, mozzarella, low moisture, part-skim | AW35: Price undated (Walmart.com listing)
A36: 31 | B36: Carbohydrates | C36: Grains & Bread | D36: Bagels (plain) | E36: Great Value, 6 ct / 20 oz | F36: 2.14 | G36: 567 | H36: 1 | I36: =F36/(G36*H36)*100 -> 0.37742504 | M36: =IF(AND(IF(Planner!$C$39="BLS U.S. average (Sep 2026)",1,0)=1,L36<>""),L36,I36) -> 0.37742504 | N36: 94 | O36: 1 bagel | P36: 1 | S36: 0 | T36: 0 | U36: 0 | V36: 0 | W36: 0 | X36: 0 | Y36: 1 | Z36: =SUMPRODUCT(S36:Y36,INDEX(Diets!$I$5:$O$12,MATCH(Planner!$C$36,Diets!$A$5:$A$12,0),0))+ISNUMBER(SEARCH(","&A36&",",","&SUBSTITUTE(INDEX(Diets!$P$5:$P$12,MATCH(Planner!$C$36,Diets!$A$5:$A$12,0))," ","")&","))*1 -> 0 | AA36: =IF(OR(UPPER(Q36)="Y",Z36>0),0,1) -> 1 | AB36: 1 | AC36: 0 | AD36: 0 | AE36: 0 | AG36: Grains & bread | AH36: 264 | AI36: 10.56 | AJ36: 52.38 | AK36: 1.32 | AL36: 1.6 | AM36: 8.43 | AN36: 219 | AO36: 3.57 | AP36: 107 | AQ36: 422 | AR36: 0 | AS36: =AI36/M36 -> 27.979065 | AT36: =AH36/M36 -> 699.47664 | AU36: 18001 | AV36: Bagels, plain, enriched, with calcium propionate (includes onion, poppy, sesame)
A37: 32 | B37: Carbohydrates | C37: Grains & Bread | D37: Brown rice (dry) | E37: Great Value long grain, 32 oz | F37: 1.72 | G37: 907.2 | H37: 1 | I37: =F37/(G37*H37)*100 -> 0.18959436 | M37: =IF(AND(IF(Planner!$C$39="BLS U.S. average (Sep 2026)",1,0)=1,L37<>""),L37,I37) -> 0.18959436 | N37: 46 | O37: 1/4 cup dry (~3/4 cup cooked) | P37: 4 | S37: 0 | T37: 0 | U37: 0 | V37: 0 | W37: 0 | X37: 0 | Y37: 0 | Z37: =SUMPRODUCT(S37:Y37,INDEX(Diets!$I$5:$O$12,MATCH(Planner!$C$36,Diets!$A$5:$A$12,0),0))+ISNUMBER(SEARCH(","&A37&",",","&SUBSTITUTE(INDEX(Diets!$P$5:$P$12,MATCH(Planner!$C$36,Diets!$A$5:$A$12,0))," ","")&","))*1 -> 0 | AA37: =IF(OR(UPPER(Q37)="Y",Z37>0),0,1) -> 1 | AB37: 0 | AC37: 0.5 | AD37: 0.5 | AE37: 0 | AG37: Grains & bread | AH37: 367 | AI37: 7.54 | AJ37: 76.25 | AK37: 3.2 | AL37: 3.6 | AM37: 0.66 | AN37: 9 | AO37: 1.29 | AP37: 250 | AQ37: 5 | AR37: 0 | AS37: =AI37/M37 -> 39.769116 | AT37: =AH37/M37 -> 1935.7116 | AU37: 20036 | AV37: Rice, brown, long-grain, raw
A38: 33 | B38: Carbohydrates | C38: Grains & Bread | D38: Cheerios | E38: Cheerios family size, 18 oz | F38: 4.97 | G38: 510.3 | H38: 1 | I38: =F38/(G38*H38)*100 -> 0.9739369 | M38: =IF(AND(IF(Planner!$C$39="BLS U.S. average (Sep 2026)",1,0)=1,L38<>""),L38,I38) -> 0.9739369 | N38: 28 | O38: 1 cup | P38: 2 | S38: 0 | T38: 0 | U38: 0 | V38: 0 | W38: 0 | X38: 0 | Y38: 0 | Z38: =SUMPRODUCT(S38:Y38,INDEX(Diets!$I$5:$O$12,MATCH(Planner!$C$36,Diets!$A$5:$A$12,0),0))+ISNUMBER(SEARCH(","&A38&",",","&SUBSTITUTE(INDEX(Diets!$P$5:$P$12,MATCH(Planner!$C$36,Diets!$A$5:$A$12,0))," ","")&","))*1 -> 0 | AA38: =IF(OR(UPPER(Q38)="Y",Z38>0),0,1) -> 1 | AB38: 1 | AC38: 0 | AD38: 0 | AE38: 0 | AG38: Grains & bread | AH38: 376 | AI38: 12.09 | AJ38: 73.23 | AK38: 6.73 | AL38: 9.4 | AM38: 4.36 | AN38: 401 | AO38: 33.17 | AP38: 641 | AQ38: 497 | AR38: 21.6 | AS38: =AI38/M38 -> 12.413535 | AT38: =AH38/M38 -> 386.06197 | AU38: 08013 | AV38: Cereals ready-to-eat, GENERAL MILLS, CHEERIOS | AW38: Regular price; was on Rollback at $4.50
A39: 34 | B39: Carbohydrates | C39: Grains & Bread | D39: Corn tortillas | E39: Mission yellow corn, 30 ct | F39: 2.48 | G39: 791 | H39: 1 | I39: =F39/(G39*H39)*100 -> 0.31352718 | M39: =IF(AND(IF(Planner!$C$39="BLS U.S. average (Sep 2026)",1,0)=1,L39<>""),L39,I39) -> 0.31352718 | N39: 26 | O39: 1 tortilla | P39: 6 | S39: 0 | T39: 0 | U39: 0 | V39: 0 | W39: 0 | X39: 0 | Y39: 0 | Z39: =SUMPRODUCT(S39:Y39,INDEX(Diets!$I$5:$O$12,MATCH(Planner!$C$36,Diets!$A$5:$A$12,0),0))+ISNUMBER(SEARCH(","&A39&",",","&SUBSTITUTE(INDEX(Diets!$P$5:$P$12,MATCH(Planner!$C$36,Diets!$A$5:$A$12,0))," ","")&","))*1 -> 0 | AA39: =IF(OR(UPPER(Q39)="Y",Z39>0),0,1) -> 1 | AB39: 0 | AC39: 0.5 | AD39: 0.5 | AE39: 0 | AG39: Grains & bread | AH39: 218 | AI39: 5.7 | AJ39: 44.64 | AK39: 2.85 | AL39: 6.3 | AM39: 0.88 | AN39: 81 | AO39: 1.23 | AP39: 186 | AQ39: 45 | AR39: 0 | AS39: =AI39/M39 -> 18.180242 | AT39: =AH39/M39 -> 695.31452 | AU39: 18363 | AV39: Tortillas, ready-to-bake or -fry, corn | AW39: Weight from listed unit price (8.9 cents/oz)
A40: 35 | B40: Carbohydrates | C40: Grains & Bread | D40: Flour tortillas | E40: Great Value medium, 10 ct / 16 oz | F40: 1.98 | G40: 453.6 | H40: 1 | I40: =F40/(G40*H40)*100 -> 0.43650794 | M40: =IF(AND(IF(Planner!$C$39="BLS U.S. average (Sep 2026)",1,0)=1,L40<>""),L40,I40) -> 0.43650794 | N40: 45 | O40: 1 tortilla | P40: 3 | S40: 0 | T40: 0 | U40: 0 | V40: 0 | W40: 0 | X40: 0 | Y40: 1 | Z40: =SUMPRODUCT(S40:Y40,INDEX(Diets!$I$5:$O$12,MATCH(Planner!$C$36,Diets!$A$5:$A$12,0),0))+ISNUMBER(SEARCH(","&A40&",",","&SUBSTITUTE(INDEX(Diets!$P$5:$P$12,MATCH(Planner!$C$36,Diets!$A$5:$A$12,0))," ","")&","))*1 -> 0 | AA40: =IF(OR(UPPER(Q40)="Y",Z40>0),0,1) -> 1 | AB40: 0 | AC40: 0.5 | AD40: 0.5 | AE40: 0 | AG40: Grains & bread | AH40: 297 | AI40: 8.01 | AJ40: 49.27 | AK40: 7.58 | AL40: 2.4 | AM40: 2.66 | AN40: 163 | AO40: 3.32 | AP40: 133 | AQ40: 742 | AR40: 0 | AS40: =AI40/M40 -> 18.350182 | AT40: =AH40/M40 -> 680.4 | AU40: 18970 | AV40: Tortillas, ready-to-bake or -fry, flour, shelf stable
A41: 36 | B41: Carbohydrates | C41: Grains & Bread | D41: Quinoa (dry) | E41: Great Value organic, 16 oz | F41: 3.44 | G41: 453.6 | H41: 1 | I41: =F41/(G41*H41)*100 -> 0.75837743 | M41: =IF(AND(IF(Planner!$C$39="BLS U.S. average (Sep 2026)",1,0)=1,L41<>""),L41,I41) -> 0.75837743 | N41: 43 | O41: 1/4 cup dry (~3/4 cup cooked) | P41: 3 | S41: 0 | T41: 0 | U41: 0 | V41: 0 | W41: 0 | X41: 0 | Y41: 0 | Z41: =SUMPRODUCT(S41:Y41,INDEX(Diets!$I$5:$O$12,MATCH(Planner!$C$36,Diets!$A$5:$A$12,0),0))+ISNUMBER(SEARCH(","&A41&",",","&SUBSTITUTE(INDEX(Diets!$P$5:$P$12,MATCH(Planner!$C$36,Diets!$A$5:$A$12,0))," ","")&","))*1 -> 0 | AA41: =IF(OR(UPPER(Q41)="Y",Z41>0),0,1) -> 1 | AB41: 0 | AC41: 0.5 | AD41: 0.5 | AE41: 0 | AG41: Grains & bread | AH41: 368 | AI41: 14.12 | AJ41: 64.16 | AK41: 6.07 | AL41: 7 | AM41: 0 | AN41: 47 | AO41: 4.57 | AP41: 563 | AQ41: 5 | AR41: 0 | AS41: =AI41/M41 -> 18.618698 | AT41: =AH41/M41 -> 485.24651 | AU41: 20035 | AV41: Quinoa, uncooked
A42: 37 | B42: Carbohydrates | C42: Grains & Bread | D42: Rolled oats (dry) | E42: Great Value old fashioned, 42 oz | F42: 4.38 | G42: 1190.7 | H42: 1 | I42: =F42/(G42*H42)*100 -> 0.36785084 | M42: =IF(AND(IF(Planner!$C$39="BLS U.S. average (Sep 2026)",1,0)=1,L42<>""),L42,I42) -> 0.36785084 | N42: 40 | O42: 1/2 cup dry | P42: 2 | S42: 0 | T42: 0 | U42: 0 | V42: 0 | W42: 0 | X42: 0 | Y42: 1 | Z42: =SUMPRODUCT(S42:Y42,INDEX(Diets!$I$5:$O$12,MATCH(Planner!$C$36,Diets!$A$5:$A$12,0),0))+ISNUMBER(SEARCH(","&A42&",",","&SUBSTITUTE(INDEX(Diets!$P$5:$P$12,MATCH(Planner!$C$36,Diets!$A$5:$A$12,0))," ","")&","))*1 -> 0 | AA42: =IF(OR(UPPER(Q42)="Y",Z42>0),0,1) -> 1 | AB42: 1 | AC42: 0 | AD42: 0 | AE42: 0 | AG42: Grains & bread | AH42: 379 | AI42: 13.15 | AJ42: 67.7 | AK42: 6.52 | AL42: 10.1 | AM42: 0.99 | AN42: 52 | AO42: 4.25 | AP42: 362 | AQ42: 6 | AR42: 0 | AS42: =AI42/M42 -> 35.748185 | AT42: =AH42/M42 -> 1030.3089 | AU42: 08120 | AV42: Cereals, oats, regular and quick, not fortified, dry | AW42: Not certified gluten-free
A43: 38 | B43: Carbohydrates | C43: Grains & Bread | D43: Spaghetti (dry) | E43: Great Value, 16 oz | F43: 1.36 | G43: 453.6 | H43: 1 | I43: =F43/(G43*H43)*100 -> 0.29982363 | J43: 1.375 | K43: 453.6 | L43: =J43/(K43*H43)*100 -> 0.30313051 | M43: =IF(AND(IF(Planner!$C$39="BLS U.S. average (Sep 2026)",1,0)=1,L43<>""),L43,I43) -> 0.29982363 | N43: 57 | O43: 2 oz dry (~1 cup cooked) | P43: 3 | S43: 0 | T43: 0 | U43: 0 | V43: 0 | W43: 0 | X43: 0 | Y43: 1 | Z43: =SUMPRODUCT(S43:Y43,INDEX(Diets!$I$5:$O$12,MATCH(Planner!$C$36,Diets!$A$5:$A$12,0),0))+ISNUMBER(SEARCH(","&A43&",",","&SUBSTITUTE(INDEX(Diets!$P$5:$P$12,MATCH(Planner!$C$36,Diets!$A$5:$A$12,0))," ","")&","))*1 -> 0 | AA43: =IF(OR(UPPER(Q43)="Y",Z43>0),0,1) -> 1 | AB43: 0 | AC43: 0.5 | AD43: 0.5 | AE43: 0 | AG43: Grains & bread | AH43: 371 | AI43: 13.04 | AJ43: 74.67 | AK43: 1.51 | AL43: 3.2 | AM43: 2.67 | AN43: 21 | AO43: 3.3 | AP43: 223 | AQ43: 6 | AR43: 0 | AS43: =AI43/M43 -> 43.492235 | AT43: =AH43/M43 -> 1237.3941 | AU43: 20120 | AV43: Pasta, dry, enriched
A44: 39 | B44: Carbohydrates | C44: Grains & Bread | D44: White bread | E44: Great Value, 20 oz loaf | F44: 1.52 | G44: 567 | H44: 1 | I44: =F44/(G44*H44)*100 -> 0.2680776 | J44: 1.83 | K44: 453.6 | L44: =J44/(K44*H44)*100 -> 0.40343915 | M44: =IF(AND(IF(Planner!$C$39="BLS U.S. average (Sep 2026)",1,0)=1,L44<>""),L44,I44) -> 0.2680776 | N44: 28 | O44: 1 slice | P44: 4 | S44: 0 | T44: 0 | U44: 0 | V44: 0 | W44: 0 | X44: 0 | Y44: 1 | Z44: =SUMPRODUCT(S44:Y44,INDEX(Diets!$I$5:$O$12,MATCH(Planner!$C$36,Diets!$A$5:$A$12,0),0))+ISNUMBER(SEARCH(","&A44&",",","&SUBSTITUTE(INDEX(Diets!$P$5:$P$12,MATCH(Planner!$C$36,Diets!$A$5:$A$12,0))," ","")&","))*1 -> 0 | AA44: =IF(OR(UPPER(Q44)="Y",Z44>0),0,1) -> 1 | AB44: 0.5 | AC44: 0.5 | AD44: 0 | AE44: 0 | AG44: Grains & bread | AH44: 266 | AI44: 8.85 | AJ44: 49.42 | AK44: 3.33 | AL44: 2.7 | AM44: 5.67 | AN44: 144 | AO44: 3.61 | AP44: 126 | AQ44: 490 | AR44: 0 | AS44: =AI44/M44 -> 33.012829 | AT44: =AH44/M44 -> 992.25 | AU44: 18069 | AV44: Bread, white, commercially prepared (includes soft bread crumbs)
A45: 40 | B45: Carbohydrates | C45: Grains & Bread | D45: White rice (dry) | E45: Great Value long grain, 5 lb | F45: 2.48 | G45: 2268 | H45: 1 | I45: =F45/(G45*H45)*100 -> 0.10934744 | J45: 1.118 | K45: 453.6 | L45: =J45/(K45*H45)*100 -> 0.24647266 | M45: =IF(AND(IF(Planner!$C$39="BLS U.S. average (Sep 2026)",1,0)=1,L45<>""),L45,I45) -> 0.10934744 | N45: 46 | O45: 1/4 cup dry (~3/4 cup cooked) | P45: 4 | S45: 0 | T45: 0 | U45: 0 | V45: 0 | W45: 0 | X45: 0 | Y45: 0 | Z45: =SUMPRODUCT(S45:Y45,INDEX(Diets!$I$5:$O$12,MATCH(Planner!$C$36,Diets!$A$5:$A$12,0),0))+ISNUMBER(SEARCH(","&A45&",",","&SUBSTITUTE(INDEX(Diets!$P$5:$P$12,MATCH(Planner!$C$36,Diets!$A$5:$A$12,0))," ","")&","))*1 -> 0 | AA45: =IF(OR(UPPER(Q45)="Y",Z45>0),0,1) -> 1 | AB45: 0 | AC45: 0.5 | AD45: 0.5 | AE45: 0 | AG45: Grains & bread | AH45: 365 | AI45: 7.13 | AJ45: 79.95 | AK45: 0.66 | AL45: 1.3 | AM45: 0.12 | AN45: 28 | AO45: 4.31 | AP45: 115 | AQ45: 5 | AR45: 0 | AS45: =AI45/M45 -> 65.205 | AT45: =AH45/M45 -> 3337.9839 | AU45: 20044 | AV45: Rice, white, long-grain, regular, raw, enriched | AW45: Price undated (Walmart Business listing)
A46: 41 | B46: Carbohydrates | C46: Grains & Bread | D46: Whole-wheat bread | E46: Great Value 100% whole wheat, 20 oz | F46: 2.02 | G46: 567 | H46: 1 | I46: =F46/(G46*H46)*100 -> 0.35626102 | M46: =IF(AND(IF(Planner!$C$39="BLS U.S. average (Sep 2026)",1,0)=1,L46<>""),L46,I46) -> 0.35626102 | N46: 32 | O46: 1 slice | P46: 4 | S46: 0 | T46: 0 | U46: 0 | V46: 0 | W46: 0 | X46: 0 | Y46: 1 | Z46: =SUMPRODUCT(S46:Y46,INDEX(Diets!$I$5:$O$12,MATCH(Planner!$C$36,Diets!$A$5:$A$12,0),0))+ISNUMBER(SEARCH(","&A46&",",","&SUBSTITUTE(INDEX(Diets!$P$5:$P$12,MATCH(Planner!$C$36,Diets!$A$5:$A$12,0))," ","")&","))*1 -> 0 | AA46: =IF(OR(UPPER(Q46)="Y",Z46>0),0,1) -> 1 | AB46: 0.5 | AC46: 0.5 | AD46: 0 | AE46: 0 | AG46: Grains & bread | AH46: 252 | AI46: 12.45 | AJ46: 42.71 | AK46: 3.5 | AL46: 6 | AM46: 4.34 | AN46: 161 | AO46: 2.47 | AP46: 254 | AQ46: 455 | AR46: 0 | AS46: =AI46/M46 -> 34.946287 | AT46: =AH46/M46 -> 707.34653 | AU46: 18075 | AV46: Bread, whole-wheat, commercially prepared
A47: 42 | B47: Carbohydrates | C47: Grains & Bread | D47: Whole-wheat spaghetti (dry) | E47: Great Value, 16 oz | F47: 1.74 | G47: 453.6 | H47: 1 | I47: =F47/(G47*H47)*100 -> 0.38359788 | M47: =IF(AND(IF(Planner!$C$39="BLS U.S. average (Sep 2026)",1,0)=1,L47<>""),L47,I47) -> 0.38359788 | N47: 57 | O47: 2 oz dry (~1 cup cooked) | P47: 3 | S47: 0 | T47: 0 | U47: 0 | V47: 0 | W47: 0 | X47: 0 | Y47: 1 | Z47: =SUMPRODUCT(S47:Y47,INDEX(Diets!$I$5:$O$12,MATCH(Planner!$C$36,Diets!$A$5:$A$12,0),0))+ISNUMBER(SEARCH(","&A47&",",","&SUBSTITUTE(INDEX(Diets!$P$5:$P$12,MATCH(Planner!$C$36,Diets!$A$5:$A$12,0))," ","")&","))*1 -> 0 | AA47: =IF(OR(UPPER(Q47)="Y",Z47>0),0,1) -> 1 | AB47: 0 | AC47: 0.5 | AD47: 0.5 | AE47: 0 | AG47: Grains & bread | AH47: 352 | AI47: 13.87 | AJ47: 73.37 | AK47: 2.93 | AL47: 9.2 | AM47: 2.74 | AN47: 29 | AO47: 3.62 | AP47: 434 | AQ47: 6 | AR47: 0 | AS47: =AI47/M47 -> 36.157655 | AT47: =AH47/M47 -> 917.62759 | AU47: 20124 | AV47: Pasta, whole-wheat, dry | AW47: Price undated (Walmart.com listing)
A48: 43 | B48: Carbohydrates | C48: Starchy Vegetables | D48: Corn (frozen) | E48: Great Value whole kernel, 12 oz | F48: 0.98 | G48: 340.2 | H48: 1 | I48: =F48/(G48*H48)*100 -> 0.28806584 | M48: =IF(AND(IF(Planner!$C$39="BLS U.S. average (Sep 2026)",1,0)=1,L48<>""),L48,I48) -> 0.28806584 | N48: 68 | O48: 1/2 cup | P48: 3 | S48: 0 | T48: 0 | U48: 0 | V48: 0 | W48: 0 | X48: 0 | Y48: 0 | Z48: =SUMPRODUCT(S48:Y48,INDEX(Diets!$I$5:$O$12,MATCH(Planner!$C$36,Diets!$A$5:$A$12,0),0))+ISNUMBER(SEARCH(","&A48&",",","&SUBSTITUTE(INDEX(Diets!$P$5:$P$12,MATCH(Planner!$C$36,Diets!$A$5:$A$12,0))," ","")&","))*1 -> 0 | AA48: =IF(OR(UPPER(Q48)="Y",Z48>0),0,1) -> 1 | AB48: 0 | AC48: 0.5 | AD48: 0.5 | AE48: 0 | AH48: 88 | AI48: 3.02 | AJ48: 20.71 | AK48: 0.78 | AL48: 2.1 | AM48: 2.5 | AN48: 4 | AO48: 0.42 | AP48: 213 | AQ48: 3 | AR48: 6.4 | AS48: =AI48/M48 -> 10.483714 | AT48: =AH48/M48 -> 305.48571 | AU48: 11178 | AV48: Corn, sweet, yellow, frozen, kernels cut off cob, unprepared | AW48: Price undated (Walmart.com listing)
A49: 44 | B49: Carbohydrates | C49: Starchy Vegetables | D49: Potatoes (russet) | E49: Russet, 5 lb bag | F49: 4.86 | G49: 2268 | H49: 0.75 | I49: =F49/(G49*H49)*100 -> 0.28571429 | J49: 0.989 | K49: 453.6 | L49: =J49/(K49*H49)*100 -> 0.29071135 | M49: =IF(AND(IF(Planner!$C$39="BLS U.S. average (Sep 2026)",1,0)=1,L49<>""),L49,I49) -> 0.28571429 | N49: 150 | O49: 1 cup diced | P49: 2 | S49: 0 | T49: 0 | U49: 0 | V49: 0 | W49: 0 | X49: 0 | Y49: 0 | Z49: =SUMPRODUCT(S49:Y49,INDEX(Diets!$I$5:$O$12,MATCH(Planner!$C$36,Diets!$A$5:$A$12,0),0))+ISNUMBER(SEARCH(","&A49&",",","&SUBSTITUTE(INDEX(Diets!$P$5:$P$12,MATCH(Planner!$C$36,Diets!$A$5:$A$12,0))," ","")&","))*1 -> 0 | AA49: =IF(OR(UPPER(Q49)="Y",Z49>0),0,1) -> 1 | AB49: 0 | AC49: 0.5 | AD49: 0.5 | AE49: 0 | AH49: 77 | AI49: 2.05 | AJ49: 17.49 | AK49: 0.09 | AL49: 2.1 | AM49: 0.82 | AN49: 12 | AO49: 0.81 | AP49: 425 | AQ49: 6 | AR49: 19.7 | AS49: =AI49/M49 -> 7.175 | AT49: =AH49/M49 -> 269.5 | AU49: 11352 | AV49: Potatoes, flesh and skin, raw | AW49: Regular price; was on Rollback at $2.47
A50: 45 | B50: Carbohydrates | C50: Starchy Vegetables | D50: Sweet potatoes | E50: 3 lb bag | F50: 3.62 | G50: 1360.8 | H50: 0.72 | I50: =F50/(G50*H50)*100 -> 0.36947221 | M50: =IF(AND(IF(Planner!$C$39="BLS U.S. average (Sep 2026)",1,0)=1,L50<>""),L50,I50) -> 0.36947221 | N50: 133 | O50: 1 cup cubed | P50: 2 | S50: 0 | T50: 0 | U50: 0 | V50: 0 | W50: 0 | X50: 0 | Y50: 0 | Z50: =SUMPRODUCT(S50:Y50,INDEX(Diets!$I$5:$O$12,MATCH(Planner!$C$36,Diets!$A$5:$A$12,0),0))+ISNUMBER(SEARCH(","&A50&",",","&SUBSTITUTE(INDEX(Diets!$P$5:$P$12,MATCH(Planner!$C$36,Diets!$A$5:$A$12,0))," ","")&","))*1 -> 0 | AA50: =IF(OR(UPPER(Q50)="Y",Z50>0),0,1) -> 1 | AB50: 0 | AC50: 0.5 | AD50: 0.5 | AE50: 0 | AH50: 86 | AI50: 1.57 | AJ50: 20.12 | AK50: 0.05 | AL50: 3 | AM50: 4.18 | AN50: 30 | AO50: 0.61 | AP50: 337 | AQ50: 55 | AR50: 2.4 | AS50: =AI50/M50 -> 4.2493048 | AT50: =AH50/M50 -> 232.76446 | AU50: 11507 | AV50: Sweet potato, raw, unprepared | AW50: Price undated (Walmart.com listing)
A51: 46 | B51: Fruits | C51: Fruit | D51: Apples (Gala) | E51: Fresh Gala, 3 lb bag | F51: 3.92 | G51: 1360.8 | H51: 0.9 | I51: =F51/(G51*H51)*100 -> 0.32007316 | M51: =IF(AND(IF(Planner!$C$39="BLS U.S. average (Sep 2026)",1,0)=1,L51<>""),L51,I51) -> 0.32007316 | N51: 125 | O51: 1 small apple | P51: 2 | S51: 0 | T51: 0 | U51: 0 | V51: 0 | W51: 0 | X51: 0 | Y51: 0 | Z51: =SUMPRODUCT(S51:Y51,INDEX(Diets!$I$5:$O$12,MATCH(Planner!$C$36,Diets!$A$5:$A$12,0),0))+ISNUMBER(SEARCH(","&A51&",",","&SUBSTITUTE(INDEX(Diets!$P$5:$P$12,MATCH(Planner!$C$36,Diets!$A$5:$A$12,0))," ","")&","))*1 -> 0 | AA51: =IF(OR(UPPER(Q51)="Y",Z51>0),0,1) -> 1 | AB51: 0 | AC51: 0.5 | AD51: 0 | AE51: 0.5 | AF51: 125 | AH51: 52 | AI51: 0.26 | AJ51: 13.81 | AK51: 0.17 | AL51: 2.4 | AM51: 10.39 | AN51: 6 | AO51: 0.12 | AP51: 107 | AQ51: 1 | AR51: 4.6 | AS51: =AI51/M51 -> 0.81231429 | AT51: =AH51/M51 -> 162.46286 | AU51: 09003 | AV51: Apples, raw, with skin | AW51: Older listing (Jun 2025) — verify
A52: 47 | B52: Fruits | C52: Fruit | D52: Bananas | E52: Fresh, per lb | F52: 0.5 | G52: 453.6 | H52: 0.64 | I52: =F52/(G52*H52)*100 -> 0.17223325 | J52: 0.656 | K52: 453.6 | L52: =J52/(K52*H52)*100 -> 0.22597002 | M52: =IF(AND(IF(Planner!$C$39="BLS U.S. average (Sep 2026)",1,0)=1,L52<>""),L52,I52) -> 0.17223325 | N52: 118 | O52: 1 medium | P52: 2 | S52: 0 | T52: 0 | U52: 0 | V52: 0 | W52: 0 | X52: 0 | Y52: 0 | Z52: =SUMPRODUCT(S52:Y52,INDEX(Diets!$I$5:$O$12,MATCH(Planner!$C$36,Diets!$A$5:$A$12,0),0))+ISNUMBER(SEARCH(","&A52&",",","&SUBSTITUTE(INDEX(Diets!$P$5:$P$12,MATCH(Planner!$C$36,Diets!$A$5:$A$12,0))," ","")&","))*1 -> 0 | AA52: =IF(OR(UPPER(Q52)="Y",Z52>0),0,1) -> 1 | AB52: 0.5 | AC52: 0 | AD52: 0 | AE52: 0.5 | AF52: 118 | AH52: 89 | AI52: 1.09 | AJ52: 22.84 | AK52: 0.33 | AL52: 2.6 | AM52: 12.23 | AN52: 5 | AO52: 0.26 | AP52: 358 | AQ52: 1 | AR52: 8.7 | AS52: =AI52/M52 -> 6.3286272 | AT52: =AH52/M52 -> 516.74112 | AU52: 09040 | AV52: Bananas, raw
A53: 48 | B53: Fruits | C53: Fruit | D53: Blueberries (frozen) | E53: Great Value, 48 oz | F53: 7.97 | G53: 1360.8 | H53: 1 | I53: =F53/(G53*H53)*100 -> 0.58568489 | M53: =IF(AND(IF(Planner!$C$39="BLS U.S. average (Sep 2026)",1,0)=1,L53<>""),L53,I53) -> 0.58568489 | N53: 155 | O53: 1 cup | P53: 1 | S53: 0 | T53: 0 | U53: 0 | V53: 0 | W53: 0 | X53: 0 | Y53: 0 | Z53: =SUMPRODUCT(S53:Y53,INDEX(Diets!$I$5:$O$12,MATCH(Planner!$C$36,Diets!$A$5:$A$12,0),0))+ISNUMBER(SEARCH(","&A53&",",","&SUBSTITUTE(INDEX(Diets!$P$5:$P$12,MATCH(Planner!$C$36,Diets!$A$5:$A$12,0))," ","")&","))*1 -> 0 | AA53: =IF(OR(UPPER(Q53)="Y",Z53>0),0,1) -> 1 | AB53: 1 | AC53: 0 | AD53: 0 | AE53: 0 | AF53: 155 | AH53: 51 | AI53: 0.42 | AJ53: 12.17 | AK53: 0.64 | AL53: 2.7 | AM53: 8.45 | AN53: 8 | AO53: 0.18 | AP53: 54 | AQ53: 1 | AR53: 2.5 | AS53: =AI53/M53 -> 0.71710916 | AT53: =AH53/M53 -> 87.077541 | AU53: 09054 | AV53: Blueberries, frozen, unsweetened
A54: 49 | B54: Fruits | C54: Fruit | D54: Grapes (red seedless) | E54: Fresh, per lb | F54: 1.87 | G54: 453.6 | H54: 0.96 | I54: =F54/(G54*H54)*100 -> 0.42943489 | M54: =IF(AND(IF(Planner!$C$39="BLS U.S. average (Sep 2026)",1,0)=1,L54<>""),L54,I54) -> 0.42943489 | N54: 151 | O54: 1 cup | P54: 2 | S54: 0 | T54: 0 | U54: 0 | V54: 0 | W54: 0 | X54: 0 | Y54: 0 | Z54: =SUMPRODUCT(S54:Y54,INDEX(Diets!$I$5:$O$12,MATCH(Planner!$C$36,Diets!$A$5:$A$12,0),0))+ISNUMBER(SEARCH(","&A54&",",","&SUBSTITUTE(INDEX(Diets!$P$5:$P$12,MATCH(Planner!$C$36,Diets!$A$5:$A$12,0))," ","")&","))*1 -> 0 | AA54: =IF(OR(UPPER(Q54)="Y",Z54>0),0,1) -> 1 | AB54: 0 | AC54: 0 | AD54: 0 | AE54: 1 | AF54: 151 | AH54: 69 | AI54: 0.72 | AJ54: 18.1 | AK54: 0.16 | AL54: 0.9 | AM54: 15.48 | AN54: 10 | AO54: 0.36 | AP54: 191 | AQ54: 2 | AR54: 3.2 | AS54: =AI54/M54 -> 1.676622 | AT54: =AH54/M54 -> 160.67628 | AU54: 09132 | AV54: Grapes, red or green (European type, such as Thompson seedless), raw
A55: 50 | B55: Fruits | C55: Fruit | D55: Orange juice (100%) | E55: Great Value not-from-concentrate, 52 fl oz | F55: 3.96 | G55: 1618.5 | H55: 1 | I55: =F55/(G55*H55)*100 -> 0.24467099 | M55: =IF(AND(IF(Planner!$C$39="BLS U.S. average (Sep 2026)",1,0)=1,L55<>""),L55,I55) -> 0.24467099 | N55: 249 | O55: 1 cup | P55: 1 | S55: 0 | T55: 0 | U55: 0 | V55: 0 | W55: 0 | X55: 0 | Y55: 0 | Z55: =SUMPRODUCT(S55:Y55,INDEX(Diets!$I$5:$O$12,MATCH(Planner!$C$36,Diets!$A$5:$A$12,0),0))+ISNUMBER(SEARCH(","&A55&",",","&SUBSTITUTE(INDEX(Diets!$P$5:$P$12,MATCH(Planner!$C$36,Diets!$A$5:$A$12,0))," ","")&","))*1 -> 0 | AA55: =IF(OR(UPPER(Q55)="Y",Z55>0),0,1) -> 1 | AB55: 1 | AC55: 0 | AD55: 0 | AE55: 0 | AF55: 249 | AH55: 49 | AI55: 0.68 | AJ55: 11.54 | AK55: 0.12 | AL55: 0.3 | AM55: 8.31 | AN55: 11 | AO55: 0.13 | AP55: 178 | AQ55: 2 | AR55: 33.6 | AS55: =AI55/M55 -> 2.7792424 | AT55: =AH55/M55 -> 200.26894 | AU55: 09209 | AV55: Orange juice, chilled, includes from concentrate | AW55: 52 fl oz = 6.5 cups x 249 g
A56: 51 | B56: Fruits | C56: Fruit | D56: Oranges (navel) | E56: Fresh navel, 4 lb bag | F56: 5.97 | G56: 1814.4 | H56: 0.68 | I56: =F56/(G56*H56)*100 -> 0.48387411 | J56: 1.723 | K56: 453.6 | L56: =J56/(K56*H56)*100 -> 0.55860307 | M56: =IF(AND(IF(Planner!$C$39="BLS U.S. average (Sep 2026)",1,0)=1,L56<>""),L56,I56) -> 0.48387411 | N56: 140 | O56: 1 orange | P56: 2 | S56: 0 | T56: 0 | U56: 0 | V56: 0 | W56: 0 | X56: 0 | Y56: 0 | Z56: =SUMPRODUCT(S56:Y56,INDEX(Diets!$I$5:$O$12,MATCH(Planner!$C$36,Diets!$A$5:$A$12,0),0))+ISNUMBER(SEARCH(","&A56&",",","&SUBSTITUTE(INDEX(Diets!$P$5:$P$12,MATCH(Planner!$C$36,Diets!$A$5:$A$12,0))," ","")&","))*1 -> 0 | AA56: =IF(OR(UPPER(Q56)="Y",Z56>0),0,1) -> 1 | AB56: 0 | AC56: 0.5 | AD56: 0 | AE56: 0.5 | AF56: 140 | AH56: 49 | AI56: 0.91 | AJ56: 12.54 | AK56: 0.15 | AL56: 2.2 | AM56: 8.5 | AN56: 43 | AO56: 0.13 | AP56: 166 | AQ56: 1 | AR56: 59.1 | AS56: =AI56/M56 -> 1.8806545 | AT56: =AH56/M56 -> 101.26601 | AU56: 09202 | AV56: Oranges, raw, navels
A57: 52 | B57: Fruits | C57: Fruit | D57: Raisins | E57: Great Value, 20 oz | F57: 4.38 | G57: 567 | H57: 1 | I57: =F57/(G57*H57)*100 -> 0.77248677 | M57: =IF(AND(IF(Planner!$C$39="BLS U.S. average (Sep 2026)",1,0)=1,L57<>""),L57,I57) -> 0.77248677 | N57: 41 | O57: 1/4 cup | P57: 1 | S57: 0 | T57: 0 | U57: 0 | V57: 0 | W57: 0 | X57: 0 | Y57: 0 | Z57: =SUMPRODUCT(S57:Y57,INDEX(Diets!$I$5:$O$12,MATCH(Planner!$C$36,Diets!$A$5:$A$12,0),0))+ISNUMBER(SEARCH(","&A57&",",","&SUBSTITUTE(INDEX(Diets!$P$5:$P$12,MATCH(Planner!$C$36,Diets!$A$5:$A$12,0))," ","")&","))*1 -> 0 | AA57: =IF(OR(UPPER(Q57)="Y",Z57>0),0,1) -> 1 | AB57: 0 | AC57: 0 | AD57: 0 | AE57: 1 | AF57: 82 | AH57: 299 | AI57: 3.07 | AJ57: 79.18 | AK57: 0.46 | AL57: 3.7 | AM57: 59.19 | AN57: 50 | AO57: 1.88 | AP57: 749 | AQ57: 11 | AR57: 2.3 | AS57: =AI57/M57 -> 3.9741781 | AT57: =AH57/M57 -> 387.06164 | AU57: 09298 | AV57: Raisins, seedless
A58: 53 | B58: Fruits | C58: Fruit | D58: Strawberries | E58: Fresh, 1 lb | F58: 2.97 | G58: 453.6 | H58: 0.94 | I58: =F58/(G58*H58)*100 -> 0.69655522 | J58: 2.84 | K58: 340.2 | L58: =J58/(K58*H58)*100 -> 0.88808836 | M58: =IF(AND(IF(Planner!$C$39="BLS U.S. average (Sep 2026)",1,0)=1,L58<>""),L58,I58) -> 0.69655522 | N58: 152 | O58: 1 cup halves | P58: 2 | S58: 0 | T58: 0 | U58: 0 | V58: 0 | W58: 0 | X58: 0 | Y58: 0 | Z58: =SUMPRODUCT(S58:Y58,INDEX(Diets!$I$5:$O$12,MATCH(Planner!$C$36,Diets!$A$5:$A$12,0),0))+ISNUMBER(SEARCH(","&A58&",",","&SUBSTITUTE(INDEX(Diets!$P$5:$P$12,MATCH(Planner!$C$36,Diets!$A$5:$A$12,0))," ","")&","))*1 -> 0 | AA58: =IF(OR(UPPER(Q58)="Y",Z58>0),0,1) -> 1 | AB58: 0.5 | AC58: 0 | AD58: 0 | AE58: 0.5 | AF58: 152 | AH58: 32 | AI58: 0.67 | AJ58: 7.68 | AK58: 0.3 | AL58: 2 | AM58: 4.89 | AN58: 16 | AO58: 0.41 | AP58: 153 | AQ58: 1 | AR58: 58.8 | AS58: =AI58/M58 -> 0.96187636 | AT58: =AH58/M58 -> 45.940364 | AU58: 09316 | AV58: Strawberries, raw
A59: 54 | B59: Vegetables | C59: Vegetables | D59: Broccoli (frozen) | E59: Great Value florets, 12 oz | F59: 1.16 | G59: 340.2 | H59: 1 | I59: =F59/(G59*H59)*100 -> 0.3409759 | M59: =IF(AND(IF(Planner!$C$39="BLS U.S. average (Sep 2026)",1,0)=1,L59<>""),L59,I59) -> 0.3409759 | N59: 95 | O59: 1 cup | P59: 2 | S59: 0 | T59: 0 | U59: 0 | V59: 0 | W59: 0 | X59: 0 | Y59: 0 | Z59: =SUMPRODUCT(S59:Y59,INDEX(Diets!$I$5:$O$12,MATCH(Planner!$C$36,Diets!$A$5:$A$12,0),0))+ISNUMBER(SEARCH(","&A59&",",","&SUBSTITUTE(INDEX(Diets!$P$5:$P$12,MATCH(Planner!$C$36,Diets!$A$5:$A$12,0))," ","")&","))*1 -> 0 | AA59: =IF(OR(UPPER(Q59)="Y",Z59>0),0,1) -> 1 | AB59: 0 | AC59: 0.5 | AD59: 0.5 | AE59: 0 | AF59: 91 | AH59: 29 | AI59: 3.06 | AJ59: 5.35 | AK59: 0.34 | AL59: 3 | AM59: 1.47 | AN59: 41 | AO59: 0.72 | AP59: 250 | AQ59: 17 | AR59: 68.3 | AS59: =AI59/M59 -> 8.9742414 | AT59: =AH59/M59 -> 85.05 | AU59: 11094 | AV59: Broccoli, frozen, spears, unprepared
A60: 55 | B60: Vegetables | C60: Vegetables | D60: Carrots | E60: Fresh whole, 2 lb bag | F60: 2.26 | G60: 907.2 | H60: 0.89 | I60: =F60/(G60*H60)*100 -> 0.27990805 | M60: =IF(AND(IF(Planner!$C$39="BLS U.S. average (Sep 2026)",1,0)=1,L60<>""),L60,I60) -> 0.27990805 | N60: 128 | O60: 1 cup chopped | P60: 2 | S60: 0 | T60: 0 | U60: 0 | V60: 0 | W60: 0 | X60: 0 | Y60: 0 | Z60: =SUMPRODUCT(S60:Y60,INDEX(Diets!$I$5:$O$12,MATCH(Planner!$C$36,Diets!$A$5:$A$12,0),0))+ISNUMBER(SEARCH(","&A60&",",","&SUBSTITUTE(INDEX(Diets!$P$5:$P$12,MATCH(Planner!$C$36,Diets!$A$5:$A$12,0))," ","")&","))*1 -> 0 | AA60: =IF(OR(UPPER(Q60)="Y",Z60>0),0,1) -> 1 | AB60: 0 | AC60: 0.5 | AD60: 0 | AE60: 0.5 | AF60: 128 | AH60: 41 | AI60: 0.93 | AJ60: 9.58 | AK60: 0.24 | AL60: 2.8 | AM60: 4.74 | AN60: 33 | AO60: 0.3 | AP60: 320 | AQ60: 69 | AR60: 5.9 | AS60: =AI60/M60 -> 3.3225196 | AT60: =AH60/M60 -> 146.47667 | AU60: 11124 | AV60: Carrots, raw
A61: 56 | B61: Vegetables | C61: Vegetables | D61: Green beans (canned) | E61: Great Value cut, 14.5 oz | F61: 0.84 | G61: 411.1 | H61: 1 | I61: =F61/(G61*H61)*100 -> 0.20432985 | M61: =IF(AND(IF(Planner!$C$39="BLS U.S. average (Sep 2026)",1,0)=1,L61<>""),L61,I61) -> 0.20432985 | N61: 120 | O61: 1/2 cup | P61: 3 | S61: 0 | T61: 0 | U61: 0 | V61: 0 | W61: 0 | X61: 0 | Y61: 0 | Z61: =SUMPRODUCT(S61:Y61,INDEX(Diets!$I$5:$O$12,MATCH(Planner!$C$36,Diets!$A$5:$A$12,0),0))+ISNUMBER(SEARCH(","&A61&",",","&SUBSTITUTE(INDEX(Diets!$P$5:$P$12,MATCH(Planner!$C$36,Diets!$A$5:$A$12,0))," ","")&","))*1 -> 0 | AA61: =IF(OR(UPPER(Q61)="Y",Z61>0),0,1) -> 1 | AB61: 0 | AC61: 0.5 | AD61: 0.5 | AE61: 0 | AF61: 235 | AH61: 15 | AI61: 0.72 | AJ61: 3.27 | AK61: 0.17 | AL61: 1.5 | AM61: 1.25 | AN61: 29 | AO61: 1.02 | AP61: 92 | AQ61: 192 | AR61: 2.2 | AS61: =AI61/M61 -> 3.5237143 | AT61: =AH61/M61 -> 73.410714 | AU61: 11054 | AV61: Beans, snap, green, canned, regular pack, solids and liquids | AW61: Regular price; was on Rollback at $0.50
A62: 57 | B62: Vegetables | C62: Vegetables | D62: Green bell pepper | E62: Fresh, each (~145 g) | F62: 0.86 | G62: 145 | H62: 0.82 | I62: =F62/(G62*H62)*100 -> 0.72329689 | M62: =IF(AND(IF(Planner!$C$39="BLS U.S. average (Sep 2026)",1,0)=1,L62<>""),L62,I62) -> 0.72329689 | N62: 149 | O62: 1 cup chopped | P62: 1 | S62: 0 | T62: 0 | U62: 0 | V62: 0 | W62: 0 | X62: 0 | Y62: 0 | Z62: =SUMPRODUCT(S62:Y62,INDEX(Diets!$I$5:$O$12,MATCH(Planner!$C$36,Diets!$A$5:$A$12,0),0))+ISNUMBER(SEARCH(","&A62&",",","&SUBSTITUTE(INDEX(Diets!$P$5:$P$12,MATCH(Planner!$C$36,Diets!$A$5:$A$12,0))," ","")&","))*1 -> 0 | AA62: =IF(OR(UPPER(Q62)="Y",Z62>0),0,1) -> 1 | AB62: 0 | AC62: 0.5 | AD62: 0.5 | AE62: 0 | AF62: 149 | AH62: 20 | AI62: 0.86 | AJ62: 4.64 | AK62: 0.17 | AL62: 1.7 | AM62: 2.4 | AN62: 10 | AO62: 0.34 | AP62: 175 | AQ62: 3 | AR62: 80.4 | AS62: =AI62/M62 -> 1.189 | AT62: =AH62/M62 -> 27.651163 | AU62: 11333 | AV62: Peppers, sweet, green, raw | AW62: Each ~145 g as bought (119 g edible, USDA)
A63: 58 | B63: Vegetables | C63: Vegetables | D63: Mixed vegetables (frozen) | E63: Great Value, 32 oz | F63: 2.58 | G63: 907.2 | H63: 1 | I63: =F63/(G63*H63)*100 -> 0.28439153 | M63: =IF(AND(IF(Planner!$C$39="BLS U.S. average (Sep 2026)",1,0)=1,L63<>""),L63,I63) -> 0.28439153 | N63: 95 | O63: 2/3 cup | P63: 3 | S63: 0 | T63: 0 | U63: 0 | V63: 0 | W63: 0 | X63: 0 | Y63: 0 | Z63: =SUMPRODUCT(S63:Y63,INDEX(Diets!$I$5:$O$12,MATCH(Planner!$C$36,Diets!$A$5:$A$12,0),0))+ISNUMBER(SEARCH(","&A63&",",","&SUBSTITUTE(INDEX(Diets!$P$5:$P$12,MATCH(Planner!$C$36,Diets!$A$5:$A$12,0))," ","")&","))*1 -> 0 | AA63: =IF(OR(UPPER(Q63)="Y",Z63>0),0,1) -> 1 | AB63: 0 | AC63: 0.5 | AD63: 0.5 | AE63: 0 | AF63: 136 | AH63: 72 | AI63: 3.33 | AJ63: 13.47 | AK63: 0.52 | AL63: 4 | AM63: 0 | AN63: 25 | AO63: 0.95 | AP63: 212 | AQ63: 47 | AR63: 10.4 | AS63: =AI63/M63 -> 11.709209 | AT63: =AH63/M63 -> 253.17209 | AU63: 11583 | AV63: Vegetables, mixed, frozen, unprepared
A64: 59 | B64: Vegetables | C64: Vegetables | D64: Onions (yellow) | E64: Fresh yellow, 3 lb bag | F64: 2.96 | G64: 1360.8 | H64: 0.9 | I64: =F64/(G64*H64)*100 -> 0.2416879 | M64: =IF(AND(IF(Planner!$C$39="BLS U.S. average (Sep 2026)",1,0)=1,L64<>""),L64,I64) -> 0.2416879 | N64: 80 | O64: 1/2 cup chopped | P64: 2 | S64: 0 | T64: 0 | U64: 0 | V64: 0 | W64: 0 | X64: 0 | Y64: 0 | Z64: =SUMPRODUCT(S64:Y64,INDEX(Diets!$I$5:$O$12,MATCH(Planner!$C$36,Diets!$A$5:$A$12,0),0))+ISNUMBER(SEARCH(","&A64&",",","&SUBSTITUTE(INDEX(Diets!$P$5:$P$12,MATCH(Planner!$C$36,Diets!$A$5:$A$12,0))," ","")&","))*1 -> 0 | AA64: =IF(OR(UPPER(Q64)="Y",Z64>0),0,1) -> 1 | AB64: 0 | AC64: 0.5 | AD64: 0.5 | AE64: 0 | AF64: 160 | AH64: 40 | AI64: 1.1 | AJ64: 9.34 | AK64: 0.1 | AL64: 1.7 | AM64: 4.24 | AN64: 23 | AO64: 0.21 | AP64: 146 | AQ64: 4 | AR64: 7.4 | AS64: =AI64/M64 -> 4.5513243 | AT64: =AH64/M64 -> 165.5027 | AU64: 11282 | AV64: Onions, raw | AW64: Price undated (Walmart.com listing)
A65: 60 | B65: Vegetables | C65: Vegetables | D65: Romaine lettuce | E65: Romaine, per lb (BLS U.S. average) | F65: 3.312 | G65: 453.6 | H65: 0.94 | I65: =F65/(G65*H65)*100 -> 0.77676461 | J65: 3.312 | K65: 453.6 | L65: =J65/(K65*H65)*100 -> 0.77676461 | M65: =IF(AND(IF(Planner!$C$39="BLS U.S. average (Sep 2026)",1,0)=1,L65<>""),L65,I65) -> 0.77676461 | N65: 94 | O65: 2 cups shredded | P65: 2 | S65: 0 | T65: 0 | U65: 0 | V65: 0 | W65: 0 | X65: 0 | Y65: 0 | Z65: =SUMPRODUCT(S65:Y65,INDEX(Diets!$I$5:$O$12,MATCH(Planner!$C$36,Diets!$A$5:$A$12,0),0))+ISNUMBER(SEARCH(","&A65&",",","&SUBSTITUTE(INDEX(Diets!$P$5:$P$12,MATCH(Planner!$C$36,Diets!$A$5:$A$12,0))," ","")&","))*1 -> 0 | AA65: =IF(OR(UPPER(Q65)="Y",Z65>0),0,1) -> 1 | AB65: 0 | AC65: 0.5 | AD65: 0.5 | AE65: 0 | AF65: 94 | AH65: 17 | AI65: 1.23 | AJ65: 3.29 | AK65: 0.3 | AL65: 2.1 | AM65: 1.19 | AN65: 33 | AO65: 0.97 | AP65: 247 | AQ65: 8 | AR65: 4 | AS65: =AI65/M65 -> 1.5834913 | AT65: =AH65/M65 -> 21.885652 | AU65: 11251 | AV65: Lettuce, cos or romaine, raw | AW65: BLS Sep 2026 price (Walmart sells by count)
A66: 61 | B66: Vegetables | C66: Vegetables | D66: Spinach (fresh) | E66: Marketside, 10 oz bag | F66: 1.97 | G66: 283.5 | H66: 1 | I66: =F66/(G66*H66)*100 -> 0.69488536 | M66: =IF(AND(IF(Planner!$C$39="BLS U.S. average (Sep 2026)",1,0)=1,L66<>""),L66,I66) -> 0.69488536 | N66: 60 | O66: 2 cups raw | P66: 3 | S66: 0 | T66: 0 | U66: 0 | V66: 0 | W66: 0 | X66: 0 | Y66: 0 | Z66: =SUMPRODUCT(S66:Y66,INDEX(Diets!$I$5:$O$12,MATCH(Planner!$C$36,Diets!$A$5:$A$12,0),0))+ISNUMBER(SEARCH(","&A66&",",","&SUBSTITUTE(INDEX(Diets!$P$5:$P$12,MATCH(Planner!$C$36,Diets!$A$5:$A$12,0))," ","")&","))*1 -> 0 | AA66: =IF(OR(UPPER(Q66)="Y",Z66>0),0,1) -> 1 | AB66: 0 | AC66: 0.5 | AD66: 0.5 | AE66: 0 | AF66: 60 | AH66: 23 | AI66: 2.86 | AJ66: 3.63 | AK66: 0.39 | AL66: 2.2 | AM66: 0.42 | AN66: 99 | AO66: 2.71 | AP66: 558 | AQ66: 79 | AR66: 28.1 | AS66: =AI66/M66 -> 4.1157868 | AT66: =AH66/M66 -> 33.098985 | AU66: 11457 | AV66: Spinach, raw | AW66: Bagged and washed: no refuse; USDA refuse 28% (Large stems and roots) not applied: bought trimmed
A67: 62 | B67: Vegetables | C67: Vegetables | D67: Tomatoes (roma) | E67: Fresh roma, per lb | F67: 0.85 | G67: 453.6 | H67: 0.91 | I67: =F67/(G67*H67)*100 -> 0.20592282 | J67: 1.992 | K67: 453.6 | L67: =J67/(K67*H67)*100 -> 0.4825862 | M67: =IF(AND(IF(Planner!$C$39="BLS U.S. average (Sep 2026)",1,0)=1,L67<>""),L67,I67) -> 0.20592282 | N67: 180 | O67: 1 cup chopped | P67: 2 | S67: 0 | T67: 0 | U67: 0 | V67: 0 | W67: 0 | X67: 0 | Y67: 0 | Z67: =SUMPRODUCT(S67:Y67,INDEX(Diets!$I$5:$O$12,MATCH(Planner!$C$36,Diets!$A$5:$A$12,0),0))+ISNUMBER(SEARCH(","&A67&",",","&SUBSTITUTE(INDEX(Diets!$P$5:$P$12,MATCH(Planner!$C$36,Diets!$A$5:$A$12,0))," ","")&","))*1 -> 0 | AA67: =IF(OR(UPPER(Q67)="Y",Z67>0),0,1) -> 1 | AB67: 0 | AC67: 0.5 | AD67: 0.5 | AE67: 0 | AF67: 180 | AH67: 18 | AI67: 0.88 | AJ67: 3.89 | AK67: 0.2 | AL67: 1.2 | AM67: 2.63 | AN67: 10 | AO67: 0.27 | AP67: 237 | AQ67: 5 | AR67: 13.7 | AS67: =AI67/M67 -> 4.2734456 | AT67: =AH67/M67 -> 87.411388 | AU67: 11529 | AV67: Tomatoes, red, ripe, raw, year round average
A68: 63 | B68: Fats, Oils & Nuts | C68: Oils & Fats | D68: Butter (salted) | E68: Great Value, 2 x 16 oz | F68: 5.96 | G68: 907.2 | H68: 1 | I68: =F68/(G68*H68)*100 -> 0.65696649 | M68: =IF(AND(IF(Planner!$C$39="BLS U.S. average (Sep 2026)",1,0)=1,L68<>""),L68,I68) -> 0.65696649 | N68: 14.2 | O68: 1 tbsp | P68: 2 | S68: 0 | T68: 0 | U68: 0 | V68: 0 | W68: 0 | X68: 1 | Y68: 0 | Z68: =SUMPRODUCT(S68:Y68,INDEX(Diets!$I$5:$O$12,MATCH(Planner!$C$36,Diets!$A$5:$A$12,0),0))+ISNUMBER(SEARCH(","&A68&",",","&SUBSTITUTE(INDEX(Diets!$P$5:$P$12,MATCH(Planner!$C$36,Diets!$A$5:$A$12,0))," ","")&","))*1 -> 0 | AA68: =IF(OR(UPPER(Q68)="Y",Z68>0),0,1) -> 1 | AB68: 0.5 | AC68: 0 | AD68: 0.5 | AE68: 0 | AG68: Oils & butter | AH68: 717 | AI68: 0.85 | AJ68: 0.06 | AK68: 81.11 | AL68: 0 | AM68: 0.06 | AN68: 24 | AO68: 0.02 | AP68: 24 | AQ68: 643 | AR68: 0 | AS68: =AI68/M68 -> 1.2938255 | AT68: =AH68/M68 -> 1091.3799 | AU68: 01001 | AV68: Butter, salted
A69: 64 | B69: Fats, Oils & Nuts | C69: Oils & Fats | D69: Canola oil | E69: Great Value, 48 fl oz | F69: 4.08 | G69: 1308 | H69: 1 | I69: =F69/(G69*H69)*100 -> 0.31192661 | M69: =IF(AND(IF(Planner!$C$39="BLS U.S. average (Sep 2026)",1,0)=1,L69<>""),L69,I69) -> 0.31192661 | N69: 14 | O69: 1 tbsp | P69: 3 | S69: 0 | T69: 0 | U69: 0 | V69: 0 | W69: 0 | X69: 0 | Y69: 0 | Z69: =SUMPRODUCT(S69:Y69,INDEX(Diets!$I$5:$O$12,MATCH(Planner!$C$36,Diets!$A$5:$A$12,0),0))+ISNUMBER(SEARCH(","&A69&",",","&SUBSTITUTE(INDEX(Diets!$P$5:$P$12,MATCH(Planner!$C$36,Diets!$A$5:$A$12,0))," ","")&","))*1 -> 0 | AA69: =IF(OR(UPPER(Q69)="Y",Z69>0),0,1) -> 1 | AB69: 0 | AC69: 0.5 | AD69: 0.5 | AE69: 0 | AG69: Oils & butter | AH69: 884 | AI69: 0 | AJ69: 0 | AK69: 100 | AL69: 0 | AM69: 0 | AN69: 0 | AO69: 0 | AP69: 0 | AQ69: 0 | AR69: 0 | AS69: =AI69/M69 -> 0 | AT69: =AH69/M69 -> 2834 | AU69: 04582 | AV69: Oil, canola | AW69: 48 fl oz = 6 cups x 218 g
A70: 65 | B70: Fats, Oils & Nuts | C70: Oils & Fats | D70: Olive oil (extra virgin) | E70: Great Value, 51 fl oz | F70: 17.87 | G70: 1377 | H70: 1 | I70: =F70/(G70*H70)*100 -> 1.2977487 | M70: =IF(AND(IF(Planner!$C$39="BLS U.S. average (Sep 2026)",1,0)=1,L70<>""),L70,I70) -> 1.2977487 | N70: 13.5 | O70: 1 tbsp | P70: 3 | S70: 0 | T70: 0 | U70: 0 | V70: 0 | W70: 0 | X70: 0 | Y70: 0 | Z70: =SUMPRODUCT(S70:Y70,INDEX(Diets!$I$5:$O$12,MATCH(Planner!$C$36,Diets!$A$5:$A$12,0),0))+ISNUMBER(SEARCH(","&A70&",",","&SUBSTITUTE(INDEX(Diets!$P$5:$P$12,MATCH(Planner!$C$36,Diets!$A$5:$A$12,0))," ","")&","))*1 -> 0 | AA70: =IF(OR(UPPER(Q70)="Y",Z70>0),0,1) -> 1 | AB70: 0 | AC70: 0.5 | AD70: 0.5 | AE70: 0 | AG70: Oils & butter | AH70: 884 | AI70: 0 | AJ70: 0 | AK70: 100 | AL70: 0 | AM70: 0 | AN70: 1 | AO70: 0.56 | AP70: 1 | AQ70: 2 | AR70: 0 | AS70: =AI70/M70 -> 0 | AT70: =AH70/M70 -> 681.17963 | AU70: 04053 | AV70: Oil, olive, salad or cooking | AW70: 51 fl oz = 6.375 cups x 216 g
A71: 66 | B71: Fats, Oils & Nuts | C71: Nuts & Seeds | D71: Almonds | E71: Great Value whole, 16 oz | F71: 9.48 | G71: 453.6 | H71: 1 | I71: =F71/(G71*H71)*100 -> 2.0899471 | M71: =IF(AND(IF(Planner!$C$39="BLS U.S. average (Sep 2026)",1,0)=1,L71<>""),L71,I71) -> 2.0899471 | N71: 28 | O71: 1 oz (~23 almonds) | P71: 2 | S71: 0 | T71: 0 | U71: 0 | V71: 0 | W71: 0 | X71: 0 | Y71: 0 | Z71: =SUMPRODUCT(S71:Y71,INDEX(Diets!$I$5:$O$12,MATCH(Planner!$C$36,Diets!$A$5:$A$12,0),0))+ISNUMBER(SEARCH(","&A71&",",","&SUBSTITUTE(INDEX(Diets!$P$5:$P$12,MATCH(Planner!$C$36,Diets!$A$5:$A$12,0))," ","")&","))*1 -> 0 | AA71: =IF(OR(UPPER(Q71)="Y",Z71>0),0,1) -> 1 | AB71: 0 | AC71: 0 | AD71: 0 | AE71: 1 | AH71: 579 | AI71: 21.15 | AJ71: 21.55 | AK71: 49.93 | AL71: 12.5 | AM71: 4.35 | AN71: 269 | AO71: 3.71 | AP71: 733 | AQ71: 1 | AR71: 0 | AS71: =AI71/M71 -> 10.119873 | AT71: =AH71/M71 -> 277.04051 | AU71: 12061 | AV71: Nuts, almonds | AW71: Price undated (Walmart.com listing); USDA refuse 60% (Shells) not applied: bought trimmed
A72: 67 | B72: Fats, Oils & Nuts | C72: Nuts & Seeds | D72: Avocado (Hass) | E72: Fresh, each (~203 g) | F72: 0.87 | G72: 203 | H72: 0.67 | I72: =F72/(G72*H72)*100 -> 0.63965885 | M72: =IF(AND(IF(Planner!$C$39="BLS U.S. average (Sep 2026)",1,0)=1,L72<>""),L72,I72) -> 0.63965885 | N72: 68 | O72: 1/2 avocado | P72: 2 | S72: 0 | T72: 0 | U72: 0 | V72: 0 | W72: 0 | X72: 0 | Y72: 0 | Z72: =SUMPRODUCT(S72:Y72,INDEX(Diets!$I$5:$O$12,MATCH(Planner!$C$36,Diets!$A$5:$A$12,0),0))+ISNUMBER(SEARCH(","&A72&",",","&SUBSTITUTE(INDEX(Diets!$P$5:$P$12,MATCH(Planner!$C$36,Diets!$A$5:$A$12,0))," ","")&","))*1 -> 0 | AA72: =IF(OR(UPPER(Q72)="Y",Z72>0),0,1) -> 1 | AB72: 0 | AC72: 0.5 | AD72: 0.5 | AE72: 0 | AH72: 167 | AI72: 1.96 | AJ72: 8.64 | AK72: 15.41 | AL72: 6.8 | AM72: 0.3 | AN72: 13 | AO72: 0.61 | AP72: 507 | AQ72: 8 | AR72: 8.8 | AS72: =AI72/M72 -> 3.0641333 | AT72: =AH72/M72 -> 261.07667 | AU72: 09038 | AV72: Avocados, raw, California | AW72: Each ~203 g as bought (136 g edible, USDA)
A73: 68 | B73: Snacks & Sweets | C73: Snacks | D73: Chocolate chip cookies | E73: Great Value chewy, 13 oz | F73: 3.02 | G73: 368.5 | H73: 1 | I73: =F73/(G73*H73)*100 -> 0.81953867 | J73: 5.152 | K73: 453.6 | L73: =J73/(K73*H73)*100 -> 1.1358025 | M73: =IF(AND(IF(Planner!$C$39="BLS U.S. average (Sep 2026)",1,0)=1,L73<>""),L73,I73) -> 0.81953867 | N73: 26 | O73: 2 cookies | P73: 1 | S73: 0 | T73: 0 | U73: 0 | V73: 0 | W73: 1 | X73: 1 | Y73: 1 | Z73: =SUMPRODUCT(S73:Y73,INDEX(Diets!$I$5:$O$12,MATCH(Planner!$C$36,Diets!$A$5:$A$12,0),0))+ISNUMBER(SEARCH(","&A73&",",","&SUBSTITUTE(INDEX(Diets!$P$5:$P$12,MATCH(Planner!$C$36,Diets!$A$5:$A$12,0))," ","")&","))*1 -> 0 | AA73: =IF(OR(UPPER(Q73)="Y",Z73>0),0,1) -> 1 | AB73: 0 | AC73: 0 | AD73: 0 | AE73: 1 | AG73: Snacks & sweets | AH73: 492 | AI73: 5.1 | AJ73: 65.36 | AK73: 24.72 | AL73: 2 | AM73: 32.9 | AN73: 21 | AO73: 5.58 | AP73: 171 | AQ73: 311 | AR73: 0 | AS73: =AI73/M73 -> 6.2230132 | AT73: =AH73/M73 -> 600.33775 | AU73: 18159 | AV73: Cookies, chocolate chip, commercially prepared, regular, higher fat, enriched | AW73: Older listing (Jul 2025) — verify
A74: 69 | B74: Snacks & Sweets | C74: Snacks | D74: Granola bars (chocolate chip) | E74: Great Value chewy, 10 ct | F74: 2.28 | G74: 238.1 | H74: 1 | I74: =F74/(G74*H74)*100 -> 0.95758085 | M74: =IF(AND(IF(Planner!$C$39="BLS U.S. average (Sep 2026)",1,0)=1,L74<>""),L74,I74) -> 0.95758085 | N74: 24 | O74: 1 bar | P74: 2 | S74: 0 | T74: 0 | U74: 0 | V74: 0 | W74: 0 | X74: 1 | Y74: 1 | Z74: =SUMPRODUCT(S74:Y74,INDEX(Diets!$I$5:$O$12,MATCH(Planner!$C$36,Diets!$A$5:$A$12,0),0))+ISNUMBER(SEARCH(","&A74&",",","&SUBSTITUTE(INDEX(Diets!$P$5:$P$12,MATCH(Planner!$C$36,Diets!$A$5:$A$12,0))," ","")&","))*1 -> 0 | AA74: =IF(OR(UPPER(Q74)="Y",Z74>0),0,1) -> 1 | AB74: 0 | AC74: 0 | AD74: 0 | AE74: 1 | AG74: Snacks & sweets | AH74: 418 | AI74: 5.65 | AJ74: 70.2 | AK74: 16.57 | AL74: 3.8 | AM74: 28.92 | AN74: 41 | AO74: 2.19 | AP74: 237 | AQ74: 251 | AR74: 0 | AS74: =AI74/M74 -> 5.9002851 | AT74: =AH74/M74 -> 436.51667 | AU74: 19404 | AV74: Snacks, granola bars, soft, uncoated, chocolate chip | AW74: Price undated (Walmart Business listing)
A75: 70 | B75: Snacks & Sweets | C75: Snacks | D75: Potato chips | E75: Great Value original, 8 oz | F75: 1.87 | G75: 226.8 | H75: 1 | I75: =F75/(G75*H75)*100 -> 0.82451499 | J75: 6.668 | K75: 453.6 | L75: =J75/(K75*H75)*100 -> 1.4700176 | M75: =IF(AND(IF(Planner!$C$39="BLS U.S. average (Sep 2026)",1,0)=1,L75<>""),L75,I75) -> 0.82451499 | N75: 28 | O75: 1 oz | P75: 1 | S75: 0 | T75: 0 | U75: 0 | V75: 0 | W75: 0 | X75: 0 | Y75: 0 | Z75: =SUMPRODUCT(S75:Y75,INDEX(Diets!$I$5:$O$12,MATCH(Planner!$C$36,Diets!$A$5:$A$12,0),0))+ISNUMBER(SEARCH(","&A75&",",","&SUBSTITUTE(INDEX(Diets!$P$5:$P$12,MATCH(Planner!$C$36,Diets!$A$5:$A$12,0))," ","")&","))*1 -> 0 | AA75: =IF(OR(UPPER(Q75)="Y",Z75>0),0,1) -> 1 | AB75: 0 | AC75: 0 | AD75: 0 | AE75: 1 | AG75: Snacks & sweets | AH75: 532 | AI75: 6.39 | AJ75: 53.83 | AK75: 33.98 | AL75: 3.1 | AM75: 0.33 | AN75: 21 | AO75: 1.28 | AP75: 1196 | AQ75: 527 | AR75: 21.6 | AS75: =AI75/M75 -> 7.7500107 | AT75: =AH75/M75 -> 645.22781 | AU75: 19411 | AV75: Snacks, potato chips, plain, salted | AW75: From 10-pack price $18.70
A76: 71 | B76: Snacks & Sweets | C76: Snacks | D76: Vanilla ice cream | E76: Great Value, 48 fl oz | F76: 3.12 | G76: 792 | H76: 1 | I76: =F76/(G76*H76)*100 -> 0.39393939 | J76: 5.931 | K76: 1056 | L76: =J76/(K76*H76)*100 -> 0.56164773 | M76: =IF(AND(IF(Planner!$C$39="BLS U.S. average (Sep 2026)",1,0)=1,L76<>""),L76,I76) -> 0.39393939 | N76: 66 | O76: 1/2 cup | P76: 1 | S76: 0 | T76: 0 | U76: 0 | V76: 0 | W76: 0 | X76: 1 | Y76: 0 | Z76: =SUMPRODUCT(S76:Y76,INDEX(Diets!$I$5:$O$12,MATCH(Planner!$C$36,Diets!$A$5:$A$12,0),0))+ISNUMBER(SEARCH(","&A76&",",","&SUBSTITUTE(INDEX(Diets!$P$5:$P$12,MATCH(Planner!$C$36,Diets!$A$5:$A$12,0))," ","")&","))*1 -> 0 | AA76: =IF(OR(UPPER(Q76)="Y",Z76>0),0,1) -> 1 | AB76: 0 | AC76: 0 | AD76: 0 | AE76: 1 | AG76: Snacks & sweets | AH76: 207 | AI76: 3.5 | AJ76: 23.6 | AK76: 11 | AL76: 0.7 | AM76: 21.22 | AN76: 128 | AO76: 0.09 | AP76: 199 | AQ76: 80 | AR76: 0.6 | AS76: =AI76/M76 -> 8.8846154 | AT76: =AH76/M76 -> 525.46154 | AU76: 19095 | AV76: Ice creams, vanilla | AW76: 48 fl oz = 6 cups x 132 g

Sheet Diets
A1: Diets — macro split and which food attributes each diet forbids
A2: Food j is allowed when (attribute row of food j) · (forbidden row of the diet) = 0 and j is not in "Also excluded". Source: config/diets.json (edit there; this sheet is rebuilt from it).
A4: Diet | B4: Description | C4: Protein min | D4: Protein max | E4: Carbs min | F4: Carbs max | G4: Fat min | H4: Fat max | I4: Forbid Red meat | J4: Forbid Pork | K4: Forbid Poultry | L4: Forbid Fish | M4: Forbid Eggs | N4: Forbid Dairy | O4: Forbid Gluten | P4: Also excluded (food # on Food Data) | Q4: Also excluded (names)
A5: Balanced | B5: USDA Acceptable Macronutrient Distribution Ranges; all foods allowed | C5: 0.1 | D5: 0.35 | E5: 0.45 | F5: 0.65 | G5: 0.2 | H5: 0.35 | I5: 0 | J5: 0 | K5: 0 | L5: 0 | M5: 0 | N5: 0 | O5: 0
A6: High-Protein | B6: For muscle gain: protein 25-35% of calories | C6: 0.25 | D6: 0.35 | E6: 0.4 | F6: 0.55 | G6: 0.2 | H6: 0.3 | I6: 0 | J6: 0 | K6: 0 | L6: 0 | M6: 0 | N6: 0 | O6: 0
A7: Low-Carb | B7: Moderate low-carb: carbs 20-35%, fat 35-50% (below the AMDR carb range) | C7: 0.2 | D7: 0.35 | E7: 0.2 | F7: 0.35 | G7: 0.35 | H7: 0.5 | I7: 0 | J7: 0 | K7: 0 | L7: 0 | M7: 0 | N7: 0 | O7: 0
A8: Vegetarian | B8: Lacto-ovo: no meat, poultry or fish | C8: 0.1 | D8: 0.35 | E8: 0.45 | F8: 0.65 | G8: 0.2 | H8: 0.35 | I8: 1 | J8: 1 | K8: 1 | L8: 1 | M8: 0 | N8: 0 | O8: 0
A9: Vegan | B9: No animal products | C9: 0.1 | D9: 0.35 | E9: 0.45 | F9: 0.65 | G9: 0.2 | H9: 0.35 | I9: 1 | J9: 1 | K9: 1 | L9: 1 | M9: 1 | N9: 1 | O9: 0
A10: Pescatarian | B10: Fish and seafood, no meat or poultry | C10: 0.1 | D10: 0.35 | E10: 0.45 | F10: 0.65 | G10: 0.2 | H10: 0.35 | I10: 1 | J10: 1 | K10: 1 | L10: 0 | M10: 0 | N10: 0 | O10: 0
A11: Gluten-Free | B11: No wheat, barley, rye or non-certified oats | C11: 0.1 | D11: 0.35 | E11: 0.45 | F11: 0.65 | G11: 0.2 | H11: 0.35 | I11: 0 | J11: 0 | K11: 0 | L11: 0 | M11: 0 | N11: 0 | O11: 1
A12: No Pork | B12: All foods except pork | C12: 0.1 | D12: 0.35 | E12: 0.45 | F12: 0.65 | G12: 0.2 | H12: 0.35 | I12: 0 | J12: 1 | K12: 0 | L12: 0 | M12: 0 | N12: 0 | O12: 0
A14: Low-Carb sets carbohydrate below the AMDR range (45–65%) on purpose; High-Protein sits at the top of the AMDR protein range.
A15: Diets change two things in the model: the macro rows of b_min/b_max, and the upper bounds u (a forbidden food gets u = 0).

Sheet Matrix Model
A1: Matrix Model — minimize cᵀx subject to G·x (≥ or ≤) b, 0 ≤ x ≤ u
A2: x = food amounts in 100 g units (column C below). A = nutrient matrix, M = meal matrix, G = every constraint row stacked. Solve with Data → Solver (see Planner).
B4: Selected diet | C4: =Planner!$C$36 -> Balanced
B7: Macro (% of kcal) | C7: min | D7: max
B8: Protein | C8: =INDEX(Diets!$C$5:$C$12,MATCH(Planner!$C$36,Diets!$A$5:$A$12,0)) -> 0.1 | D8: =INDEX(Diets!$D$5:$D$12,MATCH(Planner!$C$36,Diets!$A$5:$A$12,0)) -> 0.35
B9: Carbohydrate | C9: =INDEX(Diets!$E$5:$E$12,MATCH(Planner!$C$36,Diets!$A$5:$A$12,0)) -> 0.45 | D9: =INDEX(Diets!$F$5:$F$12,MATCH(Planner!$C$36,Diets!$A$5:$A$12,0)) -> 0.65
B10: Fat | C10: =INDEX(Diets!$G$5:$G$12,MATCH(Planner!$C$36,Diets!$A$5:$A$12,0)) -> 0.2 | D10: =INDEX(Diets!$H$5:$H$12,MATCH(Planner!$C$36,Diets!$A$5:$A$12,0)) -> 0.35
A12: FOOD PARAMETERS (one column per food)
B13: Food | F13: ='Food Data'!D6 -> Chicken breast (boneless, skinless) | G13: ='Food Data'!D7 -> Chicken drumsticks (bone-in) | H13: ='Food Data'!D8 -> Chicken thighs (boneless, skinless) | I13: ='Food Data'!D9 -> Deli turkey breast (sliced) | J13: ='Food Data'!D10 -> Ground turkey 93/7 | K13: ='Food Data'!D11 -> Bacon | L13: ='Food Data'!D12 -> Ground beef 80/20 | M13: ='Food Data'!D13 -> Ground beef 93/7 (lean) | N13: ='Food Data'!D14 -> Ham (sliced, cooked) | O13: ='Food Data'!D15 -> Pork loin chops (boneless) | P13: ='Food Data'!D16 -> Top sirloin steak | Q13: ='Food Data'!D17 -> Canned light tuna (in water) | R13: ='Food Data'!D18 -> Salmon (Atlantic, fillet) | S13: ='Food Data'!D19 -> Shrimp (raw, peeled) | T13: ='Food Data'!D20 -> Tilapia (fillet) | U13: ='Food Data'!D21 -> Eggs (large) | V13: ='Food Data'!D22 -> Black beans (canned) | W13: ='Food Data'!D23 -> Chickpeas (canned) | X13: ='Food Data'!D24 -> Lentils (dry) | Y13: ='Food Data'!D25 -> Peanut butter | Z13: ='Food Data'!D26 -> Pinto beans (dry) | AA13: ='Food Data'!D27 -> Tofu (extra firm) | AB13: ='Food Data'!D28 -> 2% milk | AC13: ='Food Data'!D29 -> Greek yogurt (plain, nonfat) | AD13: ='Food Data'!D30 -> Soy milk (calcium-fortified) | AE13: ='Food Data'!D31 -> Whole milk | AF13: ='Food Data'!D32 -> American cheese (singles) | AG13: ='Food Data'!D33 -> Cheddar cheese | AH13: ='Food Data'!D34 -> Cottage cheese (2%) | AI13: ='Food Data'!D35 -> Mozzarella string cheese | AJ13: ='Food Data'!D36 -> Bagels (plain) | AK13: ='Food Data'!D37 -> Brown rice (dry) | AL13: ='Food Data'!D38 -> Cheerios | AM13: ='Food Data'!D39 -> Corn tortillas | AN13: ='Food Data'!D40 -> Flour tortillas | AO13: ='Food Data'!D41 -> Quinoa (dry) | AP13: ='Food Data'!D42 -> Rolled oats (dry) | AQ13: ='Food Data'!D43 -> Spaghetti (dry) | AR13: ='Food Data'!D44 -> White bread | AS13: ='Food Data'!D45 -> White rice (dry) | AT13: ='Food Data'!D46 -> Whole-wheat bread | AU13: ='Food Data'!D47 -> Whole-wheat spaghetti (dry) | AV13: ='Food Data'!D48 -> Corn (frozen) | AW13: ='Food Data'!D49 -> Potatoes (russet) | AX13: ='Food Data'!D50 -> Sweet potatoes | AY13: ='Food Data'!D51 -> Apples (Gala) | AZ13: ='Food Data'!D52 -> Bananas | BA13: ='Food Data'!D53 -> Blueberries (frozen) | BB13: ='Food Data'!D54 -> Grapes (red seedless) | BC13: ='Food Data'!D55 -> Orange juice (100%) | BD13: ='Food Data'!D56 -> Oranges (navel) | BE13: ='Food Data'!D57 -> Raisins | BF13: ='Food Data'!D58 -> Strawberries | BG13: ='Food Data'!D59 -> Broccoli (frozen) | BH13: ='Food Data'!D60 -> Carrots | BI13: ='Food Data'!D61 -> Green beans (canned) | BJ13: ='Food Data'!D62 -> Green bell pepper | BK13: ='Food Data'!D63 -> Mixed vegetables (frozen) | BL13: ='Food Data'!D64 -> Onions (yellow) | BM13: ='Food Data'!D65 -> Romaine lettuce | BN13: ='Food Data'!D66 -> Spinach (fresh) | BO13: ='Food Data'!D67 -> Tomatoes (roma) | BP13: ='Food Data'!D68 -> Butter (salted) | BQ13: ='Food Data'!D69 -> Canola oil | BR13: ='Food Data'!D70 -> Olive oil (extra virgin) | BS13: ='Food Data'!D71 -> Almonds | BT13: ='Food Data'!D72 -> Avocado (Hass) | BU13: ='Food Data'!D73 -> Chocolate chip cookies | BV13: ='Food Data'!D74 -> Granola bars (chocolate chip) | BW13: ='Food Data'!D75 -> Potato chips | BX13: ='Food Data'!D76 -> Vanilla ice cream
B14: c — $ per 100 g edible | F14: ='Food Data'!M6 -> 0.72310406 | G14: ='Food Data'!M7 -> 0.39731896 | H14: ='Food Data'!M8 -> 0.72530864 | I14: ='Food Data'!M9 -> 1.3161376 | J14: ='Food Data'!M10 -> 1.2257496 | K14: ='Food Data'!M11 -> 0.93474427 | L14: ='Food Data'!M12 -> 1.4175485 | M14: ='Food Data'!M13 -> 1.7350088 | N14: ='Food Data'!M14 -> 1.095679 | O14: ='Food Data'!M15 -> 0.91931217 | P14: ='Food Data'!M16 -> 2.9409626 | Q14: ='Food Data'!M17 -> 0.8575793 | R14: ='Food Data'!M18 -> 2.4184303 | S14: ='Food Data'!M19 -> 1.7592593 | T14: ='Food Data'!M20 -> 0.97773369 | U14: ='Food Data'!M21 -> 0.27834076 | V14: ='Food Data'!M22 -> 0.21636877 | W14: ='Food Data'!M23 -> 0.20937642 | X14: ='Food Data'!M24 -> 0.42328042 | Y14: ='Food Data'!M25 -> 0.35097002 | Z14: ='Food Data'!M26 -> 0.21825397 | AA14: ='Food Data'!M27 -> 0.74829932 | AB14: ='Food Data'!M28 -> 0.084784836 | AC14: ='Food Data'!M29 -> 0.36155203 | AD14: ='Food Data'!M30 -> 0.2350823 | AE14: ='Food Data'!M31 -> 0.089139344 | AF14: ='Food Data'!M32 -> 0.54673721 | AG14: ='Food Data'!M33 -> 0.82451499 | AH14: ='Food Data'!M34 -> 0.4218107 | AI14: ='Food Data'!M35 -> 0.96413874 | AJ14: ='Food Data'!M36 -> 0.37742504 | AK14: ='Food Data'!M37 -> 0.18959436 | AL14: ='Food Data'!M38 -> 0.9739369 | AM14: ='Food Data'!M39 -> 0.31352718 | AN14: ='Food Data'!M40 -> 0.43650794 | AO14: ='Food Data'!M41 -> 0.75837743 | AP14: ='Food Data'!M42 -> 0.36785084 | AQ14: ='Food Data'!M43 -> 0.29982363 | AR14: ='Food Data'!M44 -> 0.2680776 | AS14: ='Food Data'!M45 -> 0.10934744 | AT14: ='Food Data'!M46 -> 0.35626102 | AU14: ='Food Data'!M47 -> 0.38359788 | AV14: ='Food Data'!M48 -> 0.28806584 | AW14: ='Food Data'!M49 -> 0.28571429 | AX14: ='Food Data'!M50 -> 0.36947221 | AY14: ='Food Data'!M51 -> 0.32007316 | AZ14: ='Food Data'!M52 -> 0.17223325 | BA14: ='Food Data'!M53 -> 0.58568489 | BB14: ='Food Data'!M54 -> 0.42943489 | BC14: ='Food Data'!M55 -> 0.24467099 | BD14: ='Food Data'!M56 -> 0.48387411 | BE14: ='Food Data'!M57 -> 0.77248677 | BF14: ='Food Data'!M58 -> 0.69655522 | BG14: ='Food Data'!M59 -> 0.3409759 | BH14: ='Food Data'!M60 -> 0.27990805 | BI14: ='Food Data'!M61 -> 0.20432985 | BJ14: ='Food Data'!M62 -> 0.72329689 | BK14: ='Food Data'!M63 -> 0.28439153 | BL14: ='Food Data'!M64 -> 0.2416879 | BM14: ='Food Data'!M65 -> 0.77676461 | BN14: ='Food Data'!M66 -> 0.69488536 | BO14: ='Food Data'!M67 -> 0.20592282 | BP14: ='Food Data'!M68 -> 0.65696649 | BQ14: ='Food Data'!M69 -> 0.31192661 | BR14: ='Food Data'!M70 -> 1.2977487 | BS14: ='Food Data'!M71 -> 2.0899471 | BT14: ='Food Data'!M72 -> 0.63965885 | BU14: ='Food Data'!M73 -> 0.81953867 | BV14: ='Food Data'!M74 -> 0.95758085 | BW14: ='Food Data'!M75 -> 0.82451499 | BX14: ='Food Data'!M76 -> 0.39393939
B15: u — upper bound (100 g units) | F15: ='Food Data'!N6*'Food Data'!P6/100*'Food Data'!AA6 -> 2.26 | G15: ='Food Data'!N7*'Food Data'!P7/100*'Food Data'!AA7 -> 2 | H15: ='Food Data'!N8*'Food Data'!P8/100*'Food Data'!AA8 -> 2.26 | I15: ='Food Data'!N9*'Food Data'!P9/100*'Food Data'!AA9 -> 1.12 | J15: ='Food Data'!N10*'Food Data'!P10/100*'Food Data'!AA10 -> 2.26 | K15: ='Food Data'!N11*'Food Data'!P11/100*'Food Data'!AA11 -> 0.84 | L15: ='Food Data'!N12*'Food Data'!P12/100*'Food Data'!AA12 -> 2.26 | M15: ='Food Data'!N13*'Food Data'!P13/100*'Food Data'!AA13 -> 2.26 | N15: ='Food Data'!N14*'Food Data'!P14/100*'Food Data'!AA14 -> 1.12 | O15: ='Food Data'!N15*'Food Data'!P15/100*'Food Data'!AA15 -> 2.26 | P15: ='Food Data'!N16*'Food Data'!P16/100*'Food Data'!AA16 -> 2.26 | Q15: ='Food Data'!N17*'Food Data'!P17/100*'Food Data'!AA17 -> 1.7 | R15: ='Food Data'!N18*'Food Data'!P18/100*'Food Data'!AA18 -> 2.26 | S15: ='Food Data'!N19*'Food Data'!P19/100*'Food Data'!AA19 -> 2.26 | T15: ='Food Data'!N20*'Food Data'!P20/100*'Food Data'!AA20 -> 2.26 | U15: ='Food Data'!N21*'Food Data'!P21/100*'Food Data'!AA21 -> 1.5 | V15: ='Food Data'!N22*'Food Data'!P22/100*'Food Data'!AA22 -> 3.6 | W15: ='Food Data'!N23*'Food Data'!P23/100*'Food Data'!AA23 -> 3.6 | X15: ='Food Data'!N24*'Food Data'!P24/100*'Food Data'!AA24 -> 1.44 | Y15: ='Food Data'!N25*'Food Data'!P25/100*'Food Data'!AA25 -> 0.64 | Z15: ='Food Data'!N26*'Food Data'!P26/100*'Food Data'!AA26 -> 1.44 | AA15: ='Food Data'!N27*'Food Data'!P27/100*'Food Data'!AA27 -> 2.55 | AB15: ='Food Data'!N28*'Food Data'!P28/100*'Food Data'!AA28 -> 7.32 | AC15: ='Food Data'!N29*'Food Data'!P29/100*'Food Data'!AA29 -> 3.4 | AD15: ='Food Data'!N30*'Food Data'!P30/100*'Food Data'!AA30 -> 7.29 | AE15: ='Food Data'!N31*'Food Data'!P31/100*'Food Data'!AA31 -> 7.32 | AF15: ='Food Data'!N32*'Food Data'!P32/100*'Food Data'!AA32 -> 0.57 | AG15: ='Food Data'!N33*'Food Data'!P33/100*'Food Data'!AA33 -> 0.56 | AH15: ='Food Data'!N34*'Food Data'!P34/100*'Food Data'!AA34 -> 2.26 | AI15: ='Food Data'!N35*'Food Data'!P35/100*'Food Data'!AA35 -> 0.56 | AJ15: ='Food Data'!N36*'Food Data'!P36/100*'Food Data'!AA36 -> 0.94 | AK15: ='Food Data'!N37*'Food Data'!P37/100*'Food Data'!AA37 -> 1.84 | AL15: ='Food Data'!N38*'Food Data'!P38/100*'Food Data'!AA38 -> 0.56 | AM15: ='Food Data'!N39*'Food Data'!P39/100*'Food Data'!AA39 -> 1.56 | AN15: ='Food Data'!N40*'Food Data'!P40/100*'Food Data'!AA40 -> 1.35 | AO15: ='Food Data'!N41*'Food Data'!P41/100*'Food Data'!AA41 -> 1.29 | AP15: ='Food Data'!N42*'Food Data'!P42/100*'Food Data'!AA42 -> 0.8 | AQ15: ='Food Data'!N43*'Food Data'!P43/100*'Food Data'!AA43 -> 1.71 | AR15: ='Food Data'!N44*'Food Data'!P44/100*'Food Data'!AA44 -> 1.12 | AS15: ='Food Data'!N45*'Food Data'!P45/100*'Food Data'!AA45 -> 1.84 | AT15: ='Food Data'!N46*'Food Data'!P46/100*'Food Data'!AA46 -> 1.28 | AU15: ='Food Data'!N47*'Food Data'!P47/100*'Food Data'!AA47 -> 1.71 | AV15: ='Food Data'!N48*'Food Data'!P48/100*'Food Data'!AA48 -> 2.04 | AW15: ='Food Data'!N49*'Food Data'!P49/100*'Food Data'!AA49 -> 3 | AX15: ='Food Data'!N50*'Food Data'!P50/100*'Food Data'!AA50 -> 2.66 | AY15: ='Food Data'!N51*'Food Data'!P51/100*'Food Data'!AA51 -> 2.5 | AZ15: ='Food Data'!N52*'Food Data'!P52/100*'Food Data'!AA52 -> 2.36 | BA15: ='Food Data'!N53*'Food Data'!P53/100*'Food Data'!AA53 -> 1.55 | BB15: ='Food Data'!N54*'Food Data'!P54/100*'Food Data'!AA54 -> 3.02 | BC15: ='Food Data'!N55*'Food Data'!P55/100*'Food Data'!AA55 -> 2.49 | BD15: ='Food Data'!N56*'Food Data'!P56/100*'Food Data'!AA56 -> 2.8 | BE15: ='Food Data'!N57*'Food Data'!P57/100*'Food Data'!AA57 -> 0.41 | BF15: ='Food Data'!N58*'Food Data'!P58/100*'Food Data'!AA58 -> 3.04 | BG15: ='Food Data'!N59*'Food Data'!P59/100*'Food Data'!AA59 -> 1.9 | BH15: ='Food Data'!N60*'Food Data'!P60/100*'Food Data'!AA60 -> 2.56 | BI15: ='Food Data'!N61*'Food Data'!P61/100*'Food Data'!AA61 -> 3.6 | BJ15: ='Food Data'!N62*'Food Data'!P62/100*'Food Data'!AA62 -> 1.49 | BK15: ='Food Data'!N63*'Food Data'!P63/100*'Food Data'!AA63 -> 2.85 | BL15: ='Food Data'!N64*'Food Data'!P64/100*'Food Data'!AA64 -> 1.6 | BM15: ='Food Data'!N65*'Food Data'!P65/100*'Food Data'!AA65 -> 1.88 | BN15: ='Food Data'!N66*'Food Data'!P66/100*'Food Data'!AA66 -> 1.8 | BO15: ='Food Data'!N67*'Food Data'!P67/100*'Food Data'!AA67 -> 3.6 | BP15: ='Food Data'!N68*'Food Data'!P68/100*'Food Data'!AA68 -> 0.284 | BQ15: ='Food Data'!N69*'Food Data'!P69/100*'Food Data'!AA69 -> 0.42 | BR15: ='Food Data'!N70*'Food Data'!P70/100*'Food Data'!AA70 -> 0.405 | BS15: ='Food Data'!N71*'Food Data'!P71/100*'Food Data'!AA71 -> 0.56 | BT15: ='Food Data'!N72*'Food Data'!P72/100*'Food Data'!AA72 -> 1.36 | BU15: ='Food Data'!N73*'Food Data'!P73/100*'Food Data'!AA73 -> 0.26 | BV15: ='Food Data'!N74*'Food Data'!P74/100*'Food Data'!AA74 -> 0.48 | BW15: ='Food Data'!N75*'Food Data'!P75/100*'Food Data'!AA75 -> 0.28 | BX15: ='Food Data'!N76*'Food Data'!P76/100*'Food Data'!AA76 -> 0.66
B16: l — lower bound (must-include) | F16: =MIN(F15,N('Food Data'!R6)*'Food Data'!N6/100) -> 0 | G16: =MIN(G15,N('Food Data'!R7)*'Food Data'!N7/100) -> 0 | H16: =MIN(H15,N('Food Data'!R8)*'Food Data'!N8/100) -> 0 | I16: =MIN(I15,N('Food Data'!R9)*'Food Data'!N9/100) -> 0 | J16: =MIN(J15,N('Food Data'!R10)*'Food Data'!N10/100) -> 0 | K16: =MIN(K15,N('Food Data'!R11)*'Food Data'!N11/100) -> 0 | L16: =MIN(L15,N('Food Data'!R12)*'Food Data'!N12/100) -> 0 | M16: =MIN(M15,N('Food Data'!R13)*'Food Data'!N13/100) -> 0 | N16: =MIN(N15,N('Food Data'!R14)*'Food Data'!N14/100) -> 0 | O16: =MIN(O15,N('Food Data'!R15)*'Food Data'!N15/100) -> 0 | P16: =MIN(P15,N('Food Data'!R16)*'Food Data'!N16/100) -> 0 | Q16: =MIN(Q15,N('Food Data'!R17)*'Food Data'!N17/100) -> 0 | R16: =MIN(R15,N('Food Data'!R18)*'Food Data'!N18/100) -> 0 | S16: =MIN(S15,N('Food Data'!R19)*'Food Data'!N19/100) -> 0 | T16: =MIN(T15,N('Food Data'!R20)*'Food Data'!N20/100) -> 0 | U16: =MIN(U15,N('Food Data'!R21)*'Food Data'!N21/100) -> 0 | V16: =MIN(V15,N('Food Data'!R22)*'Food Data'!N22/100) -> 0 | W16: =MIN(W15,N('Food Data'!R23)*'Food Data'!N23/100) -> 0 | X16: =MIN(X15,N('Food Data'!R24)*'Food Data'!N24/100) -> 0 | Y16: =MIN(Y15,N('Food Data'!R25)*'Food Data'!N25/100) -> 0 | Z16: =MIN(Z15,N('Food Data'!R26)*'Food Data'!N26/100) -> 0 | AA16: =MIN(AA15,N('Food Data'!R27)*'Food Data'!N27/100) -> 0 | AB16: =MIN(AB15,N('Food Data'!R28)*'Food Data'!N28/100) -> 0 | AC16: =MIN(AC15,N('Food Data'!R29)*'Food Data'!N29/100) -> 0 | AD16: =MIN(AD15,N('Food Data'!R30)*'Food Data'!N30/100) -> 0 | AE16: =MIN(AE15,N('Food Data'!R31)*'Food Data'!N31/100) -> 0 | AF16: =MIN(AF15,N('Food Data'!R32)*'Food Data'!N32/100) -> 0 | AG16: =MIN(AG15,N('Food Data'!R33)*'Food Data'!N33/100) -> 0 | AH16: =MIN(AH15,N('Food Data'!R34)*'Food Data'!N34/100) -> 0 | AI16: =MIN(AI15,N('Food Data'!R35)*'Food Data'!N35/100) -> 0 | AJ16: =MIN(AJ15,N('Food Data'!R36)*'Food Data'!N36/100) -> 0 | AK16: =MIN(AK15,N('Food Data'!R37)*'Food Data'!N37/100) -> 0 | AL16: =MIN(AL15,N('Food Data'!R38)*'Food Data'!N38/100) -> 0 | AM16: =MIN(AM15,N('Food Data'!R39)*'Food Data'!N39/100) -> 0 | AN16: =MIN(AN15,N('Food Data'!R40)*'Food Data'!N40/100) -> 0 | AO16: =MIN(AO15,N('Food Data'!R41)*'Food Data'!N41/100) -> 0 | AP16: =MIN(AP15,N('Food Data'!R42)*'Food Data'!N42/100) -> 0 | AQ16: =MIN(AQ15,N('Food Data'!R43)*'Food Data'!N43/100) -> 0 | AR16: =MIN(AR15,N('Food Data'!R44)*'Food Data'!N44/100) -> 0 | AS16: =MIN(AS15,N('Food Data'!R45)*'Food Data'!N45/100) -> 0 | AT16: =MIN(AT15,N('Food Data'!R46)*'Food Data'!N46/100) -> 0 | AU16: =MIN(AU15,N('Food Data'!R47)*'Food Data'!N47/100) -> 0 | AV16: =MIN(AV15,N('Food Data'!R48)*'Food Data'!N48/100) -> 0 | AW16: =MIN(AW15,N('Food Data'!R49)*'Food Data'!N49/100) -> 0 | AX16: =MIN(AX15,N('Food Data'!R50)*'Food Data'!N50/100) -> 0 | AY16: =MIN(AY15,N('Food Data'!R51)*'Food Data'!N51/100) -> 0 | AZ16: =MIN(AZ15,N('Food Data'!R52)*'Food Data'!N52/100) -> 0 | BA16: =MIN(BA15,N('Food Data'!R53)*'Food Data'!N53/100) -> 0 | BB16: =MIN(BB15,N('Food Data'!R54)*'Food Data'!N54/100) -> 0 | BC16: =MIN(BC15,N('Food Data'!R55)*'Food Data'!N55/100) -> 0 | BD16: =MIN(BD15,N('Food Data'!R56)*'Food Data'!N56/100) -> 0 | BE16: =MIN(BE15,N('Food Data'!R57)*'Food Data'!N57/100) -> 0 | BF16: =MIN(BF15,N('Food Data'!R58)*'Food Data'!N58/100) -> 0 | BG16: =MIN(BG15,N('Food Data'!R59)*'Food Data'!N59/100) -> 0 | BH16: =MIN(BH15,N('Food Data'!R60)*'Food Data'!N60/100) -> 0 | BI16: =MIN(BI15,N('Food Data'!R61)*'Food Data'!N61/100) -> 0 | BJ16: =MIN(BJ15,N('Food Data'!R62)*'Food Data'!N62/100) -> 0 | BK16: =MIN(BK15,N('Food Data'!R63)*'Food Data'!N63/100) -> 0 | BL16: =MIN(BL15,N('Food Data'!R64)*'Food Data'!N64/100) -> 0 | BM16: =MIN(BM15,N('Food Data'!R65)*'Food Data'!N65/100) -> 0 | BN16: =MIN(BN15,N('Food Data'!R66)*'Food Data'!N66/100) -> 0 | BO16: =MIN(BO15,N('Food Data'!R67)*'Food Data'!N67/100) -> 0 | BP16: =MIN(BP15,N('Food Data'!R68)*'Food Data'!N68/100) -> 0 | BQ16: =MIN(BQ15,N('Food Data'!R69)*'Food Data'!N69/100) -> 0 | BR16: =MIN(BR15,N('Food Data'!R70)*'Food Data'!N70/100) -> 0 | BS16: =MIN(BS15,N('Food Data'!R71)*'Food Data'!N71/100) -> 0 | BT16: =MIN(BT15,N('Food Data'!R72)*'Food Data'!N72/100) -> 0 | BU16: =MIN(BU15,N('Food Data'!R73)*'Food Data'!N73/100) -> 0 | BV16: =MIN(BV15,N('Food Data'!R74)*'Food Data'!N74/100) -> 0 | BW16: =MIN(BW15,N('Food Data'!R75)*'Food Data'!N75/100) -> 0 | BX16: =MIN(BX15,N('Food Data'!R76)*'Food Data'!N76/100) -> 0
B17: allowed by diet | F17: ='Food Data'!AA6 -> 1 | G17: ='Food Data'!AA7 -> 1 | H17: ='Food Data'!AA8 -> 1 | I17: ='Food Data'!AA9 -> 1 | J17: ='Food Data'!AA10 -> 1 | K17: ='Food Data'!AA11 -> 1 | L17: ='Food Data'!AA12 -> 1 | M17: ='Food Data'!AA13 -> 1 | N17: ='Food Data'!AA14 -> 1 | O17: ='Food Data'!AA15 -> 1 | P17: ='Food Data'!AA16 -> 1 | Q17: ='Food Data'!AA17 -> 1 | R17: ='Food Data'!AA18 -> 1 | S17: ='Food Data'!AA19 -> 1 | T17: ='Food Data'!AA20 -> 1 | U17: ='Food Data'!AA21 -> 1 | V17: ='Food Data'!AA22 -> 1 | W17: ='Food Data'!AA23 -> 1 | X17: ='Food Data'!AA24 -> 1 | Y17: ='Food Data'!AA25 -> 1 | Z17: ='Food Data'!AA26 -> 1 | AA17: ='Food Data'!AA27 -> 1 | AB17: ='Food Data'!AA28 -> 1 | AC17: ='Food Data'!AA29 -> 1 | AD17: ='Food Data'!AA30 -> 1 | AE17: ='Food Data'!AA31 -> 1 | AF17: ='Food Data'!AA32 -> 1 | AG17: ='Food Data'!AA33 -> 1 | AH17: ='Food Data'!AA34 -> 1 | AI17: ='Food Data'!AA35 -> 1 | AJ17: ='Food Data'!AA36 -> 1 | AK17: ='Food Data'!AA37 -> 1 | AL17: ='Food Data'!AA38 -> 1 | AM17: ='Food Data'!AA39 -> 1 | AN17: ='Food Data'!AA40 -> 1 | AO17: ='Food Data'!AA41 -> 1 | AP17: ='Food Data'!AA42 -> 1 | AQ17: ='Food Data'!AA43 -> 1 | AR17: ='Food Data'!AA44 -> 1 | AS17: ='Food Data'!AA45 -> 1 | AT17: ='Food Data'!AA46 -> 1 | AU17: ='Food Data'!AA47 -> 1 | AV17: ='Food Data'!AA48 -> 1 | AW17: ='Food Data'!AA49 -> 1 | AX17: ='Food Data'!AA50 -> 1 | AY17: ='Food Data'!AA51 -> 1 | AZ17: ='Food Data'!AA52 -> 1 | BA17: ='Food Data'!AA53 -> 1 | BB17: ='Food Data'!AA54 -> 1 | BC17: ='Food Data'!AA55 -> 1 | BD17: ='Food Data'!AA56 -> 1 | BE17: ='Food Data'!AA57 -> 1 | BF17: ='Food Data'!AA58 -> 1 | BG17: ='Food Data'!AA59 -> 1 | BH17: ='Food Data'!AA60 -> 1 | BI17: ='Food Data'!AA61 -> 1 | BJ17: ='Food Data'!AA62 -> 1 | BK17: ='Food Data'!AA63 -> 1 | BL17: ='Food Data'!AA64 -> 1 | BM17: ='Food Data'!AA65 -> 1 | BN17: ='Food Data'!AA66 -> 1 | BO17: ='Food Data'!AA67 -> 1 | BP17: ='Food Data'!AA68 -> 1 | BQ17: ='Food Data'!AA69 -> 1 | BR17: ='Food Data'!AA70 -> 1 | BS17: ='Food Data'!AA71 -> 1 | BT17: ='Food Data'!AA72 -> 1 | BU17: ='Food Data'!AA73 -> 1 | BV17: ='Food Data'!AA74 -> 1 | BW17: ='Food Data'!AA75 -> 1 | BX17: ='Food Data'!AA76 -> 1
A19: NUTRIENT MATRIX A (rows = nutrients, columns = foods, per 100 g edible — USDA SR28)
B20: Calories (kcal) | F20: ='Food Data'!AH6 -> 120 | G20: ='Food Data'!AH7 -> 161 | H20: ='Food Data'!AH8 -> 121 | I20: ='Food Data'!AH9 -> 100 | J20: ='Food Data'!AH10 -> 150 | K20: ='Food Data'!AH11 -> 417 | L20: ='Food Data'!AH12 -> 254 | M20: ='Food Data'!AH13 -> 152 | N20: ='Food Data'!AH14 -> 163 | O20: ='Food Data'!AH15 -> 201 | P20: ='Food Data'!AH16 -> 214 | Q20: ='Food Data'!AH17 -> 86 | R20: ='Food Data'!AH18 -> 208 | S20: ='Food Data'!AH19 -> 71 | T20: ='Food Data'!AH20 -> 96 | U20: ='Food Data'!AH21 -> 143 | V20: ='Food Data'!AH22 -> 91 | W20: ='Food Data'!AH23 -> 88 | X20: ='Food Data'!AH24 -> 352 | Y20: ='Food Data'!AH25 -> 598 | Z20: ='Food Data'!AH26 -> 347 | AA20: ='Food Data'!AH27 -> 98 | AB20: ='Food Data'!AH28 -> 50 | AC20: ='Food Data'!AH29 -> 59 | AD20: ='Food Data'!AH30 -> 43 | AE20: ='Food Data'!AH31 -> 61 | AF20: ='Food Data'!AH32 -> 366 | AG20: ='Food Data'!AH33 -> 404 | AH20: ='Food Data'!AH34 -> 81 | AI20: ='Food Data'!AH35 -> 295 | AJ20: ='Food Data'!AH36 -> 264 | AK20: ='Food Data'!AH37 -> 367 | AL20: ='Food Data'!AH38 -> 376 | AM20: ='Food Data'!AH39 -> 218 | AN20: ='Food Data'!AH40 -> 297 | AO20: ='Food Data'!AH41 -> 368 | AP20: ='Food Data'!AH42 -> 379 | AQ20: ='Food Data'!AH43 -> 371 | AR20: ='Food Data'!AH44 -> 266 | AS20: ='Food Data'!AH45 -> 365 | AT20: ='Food Data'!AH46 -> 252 | AU20: ='Food Data'!AH47 -> 352 | AV20: ='Food Data'!AH48 -> 88 | AW20: ='Food Data'!AH49 -> 77 | AX20: ='Food Data'!AH50 -> 86 | AY20: ='Food Data'!AH51 -> 52 | AZ20: ='Food Data'!AH52 -> 89 | BA20: ='Food Data'!AH53 -> 51 | BB20: ='Food Data'!AH54 -> 69 | BC20: ='Food Data'!AH55 -> 49 | BD20: ='Food Data'!AH56 -> 49 | BE20: ='Food Data'!AH57 -> 299 | BF20: ='Food Data'!AH58 -> 32 | BG20: ='Food Data'!AH59 -> 29 | BH20: ='Food Data'!AH60 -> 41 | BI20: ='Food Data'!AH61 -> 15 | BJ20: ='Food Data'!AH62 -> 20 | BK20: ='Food Data'!AH63 -> 72 | BL20: ='Food Data'!AH64 -> 40 | BM20: ='Food Data'!AH65 -> 17 | BN20: ='Food Data'!AH66 -> 23 | BO20: ='Food Data'!AH67 -> 18 | BP20: ='Food Data'!AH68 -> 717 | BQ20: ='Food Data'!AH69 -> 884 | BR20: ='Food Data'!AH70 -> 884 | BS20: ='Food Data'!AH71 -> 579 | BT20: ='Food Data'!AH72 -> 167 | BU20: ='Food Data'!AH73 -> 492 | BV20: ='Food Data'!AH74 -> 418 | BW20: ='Food Data'!AH75 -> 532 | BX20: ='Food Data'!AH76 -> 207
B21: Protein (g) | F21: ='Food Data'!AI6 -> 22.5 | G21: ='Food Data'!AI7 -> 18.08 | H21: ='Food Data'!AI8 -> 19.66 | I21: ='Food Data'!AI9 -> 16.33 | J21: ='Food Data'!AI10 -> 18.73 | K21: ='Food Data'!AI11 -> 12.62 | L21: ='Food Data'!AI12 -> 17.17 | M21: ='Food Data'!AI13 -> 20.85 | N21: ='Food Data'!AI14 -> 16.6 | O21: ='Food Data'!AI15 -> 21.14 | P21: ='Food Data'!AI16 -> 19.92 | Q21: ='Food Data'!AI17 -> 19.44 | R21: ='Food Data'!AI18 -> 20.42 | S21: ='Food Data'!AI19 -> 13.61 | T21: ='Food Data'!AI20 -> 20.08 | U21: ='Food Data'!AI21 -> 12.56 | V21: ='Food Data'!AI22 -> 6.03 | W21: ='Food Data'!AI23 -> 4.92 | X21: ='Food Data'!AI24 -> 24.63 | Y21: ='Food Data'!AI25 -> 22.21 | Z21: ='Food Data'!AI26 -> 21.42 | AA21: ='Food Data'!AI27 -> 10.1 | AB21: ='Food Data'!AI28 -> 3.3 | AC21: ='Food Data'!AI29 -> 10.19 | AD21: ='Food Data'!AI30 -> 2.6 | AE21: ='Food Data'!AI31 -> 3.15 | AF21: ='Food Data'!AI32 -> 18.13 | AG21: ='Food Data'!AI33 -> 22.87 | AH21: ='Food Data'!AI34 -> 10.45 | AI21: ='Food Data'!AI35 -> 23.75 | AJ21: ='Food Data'!AI36 -> 10.56 | AK21: ='Food Data'!AI37 -> 7.54 | AL21: ='Food Data'!AI38 -> 12.09 | AM21: ='Food Data'!AI39 -> 5.7 | AN21: ='Food Data'!AI40 -> 8.01 | AO21: ='Food Data'!AI41 -> 14.12 | AP21: ='Food Data'!AI42 -> 13.15 | AQ21: ='Food Data'!AI43 -> 13.04 | AR21: ='Food Data'!AI44 -> 8.85 | AS21: ='Food Data'!AI45 -> 7.13 | AT21: ='Food Data'!AI46 -> 12.45 | AU21: ='Food Data'!AI47 -> 13.87 | AV21: ='Food Data'!AI48 -> 3.02 | AW21: ='Food Data'!AI49 -> 2.05 | AX21: ='Food Data'!AI50 -> 1.57 | AY21: ='Food Data'!AI51 -> 0.26 | AZ21: ='Food Data'!AI52 -> 1.09 | BA21: ='Food Data'!AI53 -> 0.42 | BB21: ='Food Data'!AI54 -> 0.72 | BC21: ='Food Data'!AI55 -> 0.68 | BD21: ='Food Data'!AI56 -> 0.91 | BE21: ='Food Data'!AI57 -> 3.07 | BF21: ='Food Data'!AI58 -> 0.67 | BG21: ='Food Data'!AI59 -> 3.06 | BH21: ='Food Data'!AI60 -> 0.93 | BI21: ='Food Data'!AI61 -> 0.72 | BJ21: ='Food Data'!AI62 -> 0.86 | BK21: ='Food Data'!AI63 -> 3.33 | BL21: ='Food Data'!AI64 -> 1.1 | BM21: ='Food Data'!AI65 -> 1.23 | BN21: ='Food Data'!AI66 -> 2.86 | BO21: ='Food Data'!AI67 -> 0.88 | BP21: ='Food Data'!AI68 -> 0.85 | BQ21: ='Food Data'!AI69 -> 0 | BR21: ='Food Data'!AI70 -> 0 | BS21: ='Food Data'!AI71 -> 21.15 | BT21: ='Food Data'!AI72 -> 1.96 | BU21: ='Food Data'!AI73 -> 5.1 | BV21: ='Food Data'!AI74 -> 5.65 | BW21: ='Food Data'!AI75 -> 6.39 | BX21: ='Food Data'!AI76 -> 3.5
B22: Carbohydrate (g) | F22: ='Food Data'!AJ6 -> 0 | G22: ='Food Data'!AJ7 -> 0.11 | H22: ='Food Data'!AJ8 -> 0 | I22: ='Food Data'!AJ9 -> 2.34 | J22: ='Food Data'!AJ10 -> 0 | K22: ='Food Data'!AJ11 -> 1.28 | L22: ='Food Data'!AJ12 -> 0 | M22: ='Food Data'!AJ13 -> 0 | N22: ='Food Data'!AJ14 -> 3.83 | O22: ='Food Data'!AJ15 -> 0 | P22: ='Food Data'!AJ16 -> 0 | Q22: ='Food Data'!AJ17 -> 0 | R22: ='Food Data'!AJ18 -> 0 | S22: ='Food Data'!AJ19 -> 0.91 | T22: ='Food Data'!AJ20 -> 0 | U22: ='Food Data'!AJ21 -> 0.72 | V22: ='Food Data'!AJ22 -> 16.55 | W22: ='Food Data'!AJ23 -> 13.49 | X22: ='Food Data'!AJ24 -> 63.35 | Y22: ='Food Data'!AJ25 -> 22.31 | Z22: ='Food Data'!AJ26 -> 62.55 | AA22: ='Food Data'!AJ27 -> 2.6 | AB22: ='Food Data'!AJ28 -> 4.8 | AC22: ='Food Data'!AJ29 -> 3.6 | AD22: ='Food Data'!AJ30 -> 4.92 | AE22: ='Food Data'!AJ31 -> 4.8 | AF22: ='Food Data'!AJ32 -> 4.78 | AG22: ='Food Data'!AJ33 -> 3.09 | AH22: ='Food Data'!AJ34 -> 4.76 | AI22: ='Food Data'!AJ35 -> 5.58 | AJ22: ='Food Data'!AJ36 -> 52.38 | AK22: ='Food Data'!AJ37 -> 76.25 | AL22: ='Food Data'!AJ38 -> 73.23 | AM22: ='Food Data'!AJ39 -> 44.64 | AN22: ='Food Data'!AJ40 -> 49.27 | AO22: ='Food Data'!AJ41 -> 64.16 | AP22: ='Food Data'!AJ42 -> 67.7 | AQ22: ='Food Data'!AJ43 -> 74.67 | AR22: ='Food Data'!AJ44 -> 49.42 | AS22: ='Food Data'!AJ45 -> 79.95 | AT22: ='Food Data'!AJ46 -> 42.71 | AU22: ='Food Data'!AJ47 -> 73.37 | AV22: ='Food Data'!AJ48 -> 20.71 | AW22: ='Food Data'!AJ49 -> 17.49 | AX22: ='Food Data'!AJ50 -> 20.12 | AY22: ='Food Data'!AJ51 -> 13.81 | AZ22: ='Food Data'!AJ52 -> 22.84 | BA22: ='Food Data'!AJ53 -> 12.17 | BB22: ='Food Data'!AJ54 -> 18.1 | BC22: ='Food Data'!AJ55 -> 11.54 | BD22: ='Food Data'!AJ56 -> 12.54 | BE22: ='Food Data'!AJ57 -> 79.18 | BF22: ='Food Data'!AJ58 -> 7.68 | BG22: ='Food Data'!AJ59 -> 5.35 | BH22: ='Food Data'!AJ60 -> 9.58 | BI22: ='Food Data'!AJ61 -> 3.27 | BJ22: ='Food Data'!AJ62 -> 4.64 | BK22: ='Food Data'!AJ63 -> 13.47 | BL22: ='Food Data'!AJ64 -> 9.34 | BM22: ='Food Data'!AJ65 -> 3.29 | BN22: ='Food Data'!AJ66 -> 3.63 | BO22: ='Food Data'!AJ67 -> 3.89 | BP22: ='Food Data'!AJ68 -> 0.06 | BQ22: ='Food Data'!AJ69 -> 0 | BR22: ='Food Data'!AJ70 -> 0 | BS22: ='Food Data'!AJ71 -> 21.55 | BT22: ='Food Data'!AJ72 -> 8.64 | BU22: ='Food Data'!AJ73 -> 65.36 | BV22: ='Food Data'!AJ74 -> 70.2 | BW22: ='Food Data'!AJ75 -> 53.83 | BX22: ='Food Data'!AJ76 -> 23.6
B23: Fat (g) | F23: ='Food Data'!AK6 -> 2.62 | G23: ='Food Data'!AK7 -> 9.2 | H23: ='Food Data'!AK8 -> 4.12 | I23: ='Food Data'!AK9 -> 2.37 | J23: ='Food Data'!AK10 -> 8.34 | K23: ='Food Data'!AK11 -> 39.69 | L23: ='Food Data'!AK12 -> 20 | M23: ='Food Data'!AK13 -> 7 | N23: ='Food Data'!AK14 -> 8.6 | O23: ='Food Data'!AK15 -> 12.96 | P23: ='Food Data'!AK16 -> 14.28 | Q23: ='Food Data'!AK17 -> 0.96 | R23: ='Food Data'!AK18 -> 13.42 | S23: ='Food Data'!AK19 -> 1.01 | T23: ='Food Data'!AK20 -> 1.7 | U23: ='Food Data'!AK21 -> 9.51 | V23: ='Food Data'!AK22 -> 0.29 | W23: ='Food Data'!AK23 -> 1.95 | X23: ='Food Data'!AK24 -> 1.06 | Y23: ='Food Data'!AK25 -> 51.36 | Z23: ='Food Data'!AK26 -> 1.23 | AA23: ='Food Data'!AK27 -> 5.2 | AB23: ='Food Data'!AK28 -> 1.98 | AC23: ='Food Data'!AK29 -> 0.39 | AD23: ='Food Data'!AK30 -> 1.47 | AE23: ='Food Data'!AK31 -> 3.25 | AF23: ='Food Data'!AK32 -> 30.71 | AG23: ='Food Data'!AK33 -> 33.31 | AH23: ='Food Data'!AK34 -> 2.27 | AI23: ='Food Data'!AK35 -> 19.78 | AJ23: ='Food Data'!AK36 -> 1.32 | AK23: ='Food Data'!AK37 -> 3.2 | AL23: ='Food Data'!AK38 -> 6.73 | AM23: ='Food Data'!AK39 -> 2.85 | AN23: ='Food Data'!AK40 -> 7.58 | AO23: ='Food Data'!AK41 -> 6.07 | AP23: ='Food Data'!AK42 -> 6.52 | AQ23: ='Food Data'!AK43 -> 1.51 | AR23: ='Food Data'!AK44 -> 3.33 | AS23: ='Food Data'!AK45 -> 0.66 | AT23: ='Food Data'!AK46 -> 3.5 | AU23: ='Food Data'!AK47 -> 2.93 | AV23: ='Food Data'!AK48 -> 0.78 | AW23: ='Food Data'!AK49 -> 0.09 | AX23: ='Food Data'!AK50 -> 0.05 | AY23: ='Food Data'!AK51 -> 0.17 | AZ23: ='Food Data'!AK52 -> 0.33 | BA23: ='Food Data'!AK53 -> 0.64 | BB23: ='Food Data'!AK54 -> 0.16 | BC23: ='Food Data'!AK55 -> 0.12 | BD23: ='Food Data'!AK56 -> 0.15 | BE23: ='Food Data'!AK57 -> 0.46 | BF23: ='Food Data'!AK58 -> 0.3 | BG23: ='Food Data'!AK59 -> 0.34 | BH23: ='Food Data'!AK60 -> 0.24 | BI23: ='Food Data'!AK61 -> 0.17 | BJ23: ='Food Data'!AK62 -> 0.17 | BK23: ='Food Data'!AK63 -> 0.52 | BL23: ='Food Data'!AK64 -> 0.1 | BM23: ='Food Data'!AK65 -> 0.3 | BN23: ='Food Data'!AK66 -> 0.39 | BO23: ='Food Data'!AK67 -> 0.2 | BP23: ='Food Data'!AK68 -> 81.11 | BQ23: ='Food Data'!AK69 -> 100 | BR23: ='Food Data'!AK70 -> 100 | BS23: ='Food Data'!AK71 -> 49.93 | BT23: ='Food Data'!AK72 -> 15.41 | BU23: ='Food Data'!AK73 -> 24.72 | BV23: ='Food Data'!AK74 -> 16.57 | BW23: ='Food Data'!AK75 -> 33.98 | BX23: ='Food Data'!AK76 -> 11
B24: Fiber (g) | F24: ='Food Data'!AL6 -> 0 | G24: ='Food Data'!AL7 -> 0 | H24: ='Food Data'!AL8 -> 0 | I24: ='Food Data'!AL9 -> 0 | J24: ='Food Data'!AL10 -> 0 | K24: ='Food Data'!AL11 -> 0 | L24: ='Food Data'!AL12 -> 0 | M24: ='Food Data'!AL13 -> 0 | N24: ='Food Data'!AL14 -> 1.3 | O24: ='Food Data'!AL15 -> 0 | P24: ='Food Data'!AL16 -> 0 | Q24: ='Food Data'!AL17 -> 0 | R24: ='Food Data'!AL18 -> 0 | S24: ='Food Data'!AL19 -> 0 | T24: ='Food Data'!AL20 -> 0 | U24: ='Food Data'!AL21 -> 0 | V24: ='Food Data'!AL22 -> 6.9 | W24: ='Food Data'!AL23 -> 4.4 | X24: ='Food Data'!AL24 -> 10.7 | Y24: ='Food Data'!AL25 -> 5 | Z24: ='Food Data'!AL26 -> 15.5 | AA24: ='Food Data'!AL27 -> 1.3 | AB24: ='Food Data'!AL28 -> 0 | AC24: ='Food Data'!AL29 -> 0 | AD24: ='Food Data'!AL30 -> 0.2 | AE24: ='Food Data'!AL31 -> 0 | AF24: ='Food Data'!AL32 -> 0 | AG24: ='Food Data'!AL33 -> 0 | AH24: ='Food Data'!AL34 -> 0 | AI24: ='Food Data'!AL35 -> 0 | AJ24: ='Food Data'!AL36 -> 1.6 | AK24: ='Food Data'!AL37 -> 3.6 | AL24: ='Food Data'!AL38 -> 9.4 | AM24: ='Food Data'!AL39 -> 6.3 | AN24: ='Food Data'!AL40 -> 2.4 | AO24: ='Food Data'!AL41 -> 7 | AP24: ='Food Data'!AL42 -> 10.1 | AQ24: ='Food Data'!AL43 -> 3.2 | AR24: ='Food Data'!AL44 -> 2.7 | AS24: ='Food Data'!AL45 -> 1.3 | AT24: ='Food Data'!AL46 -> 6 | AU24: ='Food Data'!AL47 -> 9.2 | AV24: ='Food Data'!AL48 -> 2.1 | AW24: ='Food Data'!AL49 -> 2.1 | AX24: ='Food Data'!AL50 -> 3 | AY24: ='Food Data'!AL51 -> 2.4 | AZ24: ='Food Data'!AL52 -> 2.6 | BA24: ='Food Data'!AL53 -> 2.7 | BB24: ='Food Data'!AL54 -> 0.9 | BC24: ='Food Data'!AL55 -> 0.3 | BD24: ='Food Data'!AL56 -> 2.2 | BE24: ='Food Data'!AL57 -> 3.7 | BF24: ='Food Data'!AL58 -> 2 | BG24: ='Food Data'!AL59 -> 3 | BH24: ='Food Data'!AL60 -> 2.8 | BI24: ='Food Data'!AL61 -> 1.5 | BJ24: ='Food Data'!AL62 -> 1.7 | BK24: ='Food Data'!AL63 -> 4 | BL24: ='Food Data'!AL64 -> 1.7 | BM24: ='Food Data'!AL65 -> 2.1 | BN24: ='Food Data'!AL66 -> 2.2 | BO24: ='Food Data'!AL67 -> 1.2 | BP24: ='Food Data'!AL68 -> 0 | BQ24: ='Food Data'!AL69 -> 0 | BR24: ='Food Data'!AL70 -> 0 | BS24: ='Food Data'!AL71 -> 12.5 | BT24: ='Food Data'!AL72 -> 6.8 | BU24: ='Food Data'!AL73 -> 2 | BV24: ='Food Data'!AL74 -> 3.8 | BW24: ='Food Data'!AL75 -> 3.1 | BX24: ='Food Data'!AL76 -> 0.7
B25: Total sugars (g) | F25: ='Food Data'!AM6 -> 0 | G25: ='Food Data'!AM7 -> 0 | H25: ='Food Data'!AM8 -> 0 | I25: ='Food Data'!AM9 -> 3.28 | J25: ='Food Data'!AM10 -> 0 | K25: ='Food Data'!AM11 -> 1 | L25: ='Food Data'!AM12 -> 0 | M25: ='Food Data'!AM13 -> 0 | N25: ='Food Data'!AM14 -> 0 | O25: ='Food Data'!AM15 -> 0 | P25: ='Food Data'!AM16 -> 0 | Q25: ='Food Data'!AM17 -> 0 | R25: ='Food Data'!AM18 -> 0 | S25: ='Food Data'!AM19 -> 0 | T25: ='Food Data'!AM20 -> 0 | U25: ='Food Data'!AM21 -> 0.37 | V25: ='Food Data'!AM22 -> 0.23 | W25: ='Food Data'!AM23 -> 0 | X25: ='Food Data'!AM24 -> 2.03 | Y25: ='Food Data'!AM25 -> 10.49 | Z25: ='Food Data'!AM26 -> 2.11 | AA25: ='Food Data'!AM27 -> 0.4 | AB25: ='Food Data'!AM28 -> 5.06 | AC25: ='Food Data'!AM29 -> 3.24 | AD25: ='Food Data'!AM30 -> 3.65 | AE25: ='Food Data'!AM31 -> 5.05 | AF25: ='Food Data'!AM32 -> 2.26 | AG25: ='Food Data'!AM33 -> 0.48 | AH25: ='Food Data'!AM34 -> 4 | AI25: ='Food Data'!AM35 -> 1.9 | AJ25: ='Food Data'!AM36 -> 8.43 | AK25: ='Food Data'!AM37 -> 0.66 | AL25: ='Food Data'!AM38 -> 4.36 | AM25: ='Food Data'!AM39 -> 0.88 | AN25: ='Food Data'!AM40 -> 2.66 | AO25: ='Food Data'!AM41 -> 0 | AP25: ='Food Data'!AM42 -> 0.99 | AQ25: ='Food Data'!AM43 -> 2.67 | AR25: ='Food Data'!AM44 -> 5.67 | AS25: ='Food Data'!AM45 -> 0.12 | AT25: ='Food Data'!AM46 -> 4.34 | AU25: ='Food Data'!AM47 -> 2.74 | AV25: ='Food Data'!AM48 -> 2.5 | AW25: ='Food Data'!AM49 -> 0.82 | AX25: ='Food Data'!AM50 -> 4.18 | AY25: ='Food Data'!AM51 -> 10.39 | AZ25: ='Food Data'!AM52 -> 12.23 | BA25: ='Food Data'!AM53 -> 8.45 | BB25: ='Food Data'!AM54 -> 15.48 | BC25: ='Food Data'!AM55 -> 8.31 | BD25: ='Food Data'!AM56 -> 8.5 | BE25: ='Food Data'!AM57 -> 59.19 | BF25: ='Food Data'!AM58 -> 4.89 | BG25: ='Food Data'!AM59 -> 1.47 | BH25: ='Food Data'!AM60 -> 4.74 | BI25: ='Food Data'!AM61 -> 1.25 | BJ25: ='Food Data'!AM62 -> 2.4 | BK25: ='Food Data'!AM63 -> 0 | BL25: ='Food Data'!AM64 -> 4.24 | BM25: ='Food Data'!AM65 -> 1.19 | BN25: ='Food Data'!AM66 -> 0.42 | BO25: ='Food Data'!AM67 -> 2.63 | BP25: ='Food Data'!AM68 -> 0.06 | BQ25: ='Food Data'!AM69 -> 0 | BR25: ='Food Data'!AM70 -> 0 | BS25: ='Food Data'!AM71 -> 4.35 | BT25: ='Food Data'!AM72 -> 0.3 | BU25: ='Food Data'!AM73 -> 32.9 | BV25: ='Food Data'!AM74 -> 28.92 | BW25: ='Food Data'!AM75 -> 0.33 | BX25: ='Food Data'!AM76 -> 21.22
B26: Calcium (mg) | F26: ='Food Data'!AN6 -> 5 | G26: ='Food Data'!AN7 -> 8 | H26: ='Food Data'!AN8 -> 7 | I26: ='Food Data'!AN9 -> 7 | J26: ='Food Data'!AN10 -> 21 | K26: ='Food Data'!AN11 -> 5 | L26: ='Food Data'!AN12 -> 18 | M26: ='Food Data'!AN13 -> 10 | N26: ='Food Data'!AN14 -> 24 | O26: ='Food Data'!AN15 -> 9 | P26: ='Food Data'!AN16 -> 25 | Q26: ='Food Data'!AN17 -> 17 | R26: ='Food Data'!AN18 -> 9 | S26: ='Food Data'!AN19 -> 54 | T26: ='Food Data'!AN20 -> 10 | U26: ='Food Data'!AN21 -> 56 | V26: ='Food Data'!AN22 -> 35 | W26: ='Food Data'!AN23 -> 35 | X26: ='Food Data'!AN24 -> 35 | Y26: ='Food Data'!AN25 -> 49 | Z26: ='Food Data'!AN26 -> 113 | AA26: ='Food Data'!AN27 -> 77 | AB26: ='Food Data'!AN28 -> 120 | AC26: ='Food Data'!AN29 -> 110 | AD26: ='Food Data'!AN30 -> 123 | AE26: ='Food Data'!AN31 -> 113 | AF26: ='Food Data'!AN32 -> 1045 | AG26: ='Food Data'!AN33 -> 710 | AH26: ='Food Data'!AN34 -> 111 | AI26: ='Food Data'!AN35 -> 697 | AJ26: ='Food Data'!AN36 -> 219 | AK26: ='Food Data'!AN37 -> 9 | AL26: ='Food Data'!AN38 -> 401 | AM26: ='Food Data'!AN39 -> 81 | AN26: ='Food Data'!AN40 -> 163 | AO26: ='Food Data'!AN41 -> 47 | AP26: ='Food Data'!AN42 -> 52 | AQ26: ='Food Data'!AN43 -> 21 | AR26: ='Food Data'!AN44 -> 144 | AS26: ='Food Data'!AN45 -> 28 | AT26: ='Food Data'!AN46 -> 161 | AU26: ='Food Data'!AN47 -> 29 | AV26: ='Food Data'!AN48 -> 4 | AW26: ='Food Data'!AN49 -> 12 | AX26: ='Food Data'!AN50 -> 30 | AY26: ='Food Data'!AN51 -> 6 | AZ26: ='Food Data'!AN52 -> 5 | BA26: ='Food Data'!AN53 -> 8 | BB26: ='Food Data'!AN54 -> 10 | BC26: ='Food Data'!AN55 -> 11 | BD26: ='Food Data'!AN56 -> 43 | BE26: ='Food Data'!AN57 -> 50 | BF26: ='Food Data'!AN58 -> 16 | BG26: ='Food Data'!AN59 -> 41 | BH26: ='Food Data'!AN60 -> 33 | BI26: ='Food Data'!AN61 -> 29 | BJ26: ='Food Data'!AN62 -> 10 | BK26: ='Food Data'!AN63 -> 25 | BL26: ='Food Data'!AN64 -> 23 | BM26: ='Food Data'!AN65 -> 33 | BN26: ='Food Data'!AN66 -> 99 | BO26: ='Food Data'!AN67 -> 10 | BP26: ='Food Data'!AN68 -> 24 | BQ26: ='Food Data'!AN69 -> 0 | BR26: ='Food Data'!AN70 -> 1 | BS26: ='Food Data'!AN71 -> 269 | BT26: ='Food Data'!AN72 -> 13 | BU26: ='Food Data'!AN73 -> 21 | BV26: ='Food Data'!AN74 -> 41 | BW26: ='Food Data'!AN75 -> 21 | BX26: ='Food Data'!AN76 -> 128
B27: Iron (mg) | F27: ='Food Data'!AO6 -> 0.37 | G27: ='Food Data'!AO7 -> 0.71 | H27: ='Food Data'!AO8 -> 0.81 | I27: ='Food Data'!AO9 -> 0.34 | J27: ='Food Data'!AO10 -> 1.17 | K27: ='Food Data'!AO11 -> 0.41 | L27: ='Food Data'!AO12 -> 1.94 | M27: ='Food Data'!AO13 -> 2.33 | N27: ='Food Data'!AO14 -> 1.02 | O27: ='Food Data'!AO15 -> 0.48 | P27: ='Food Data'!AO16 -> 1.46 | Q27: ='Food Data'!AO17 -> 1.63 | R27: ='Food Data'!AO18 -> 0.34 | S27: ='Food Data'!AO19 -> 0.21 | T27: ='Food Data'!AO20 -> 0.56 | U27: ='Food Data'!AO21 -> 1.75 | V27: ='Food Data'!AO22 -> 1.9 | W27: ='Food Data'!AO23 -> 1.23 | X27: ='Food Data'!AO24 -> 6.51 | Y27: ='Food Data'!AO25 -> 1.74 | Z27: ='Food Data'!AO26 -> 5.07 | AA27: ='Food Data'!AO27 -> 1.6 | AB27: ='Food Data'!AO28 -> 0.02 | AC27: ='Food Data'!AO29 -> 0.07 | AD27: ='Food Data'!AO30 -> 0.42 | AE27: ='Food Data'!AO31 -> 0.03 | AF27: ='Food Data'!AO32 -> 0.63 | AG27: ='Food Data'!AO33 -> 0.14 | AH27: ='Food Data'!AO34 -> 0.13 | AI27: ='Food Data'!AO35 -> 0.22 | AJ27: ='Food Data'!AO36 -> 3.57 | AK27: ='Food Data'!AO37 -> 1.29 | AL27: ='Food Data'!AO38 -> 33.17 | AM27: ='Food Data'!AO39 -> 1.23 | AN27: ='Food Data'!AO40 -> 3.32 | AO27: ='Food Data'!AO41 -> 4.57 | AP27: ='Food Data'!AO42 -> 4.25 | AQ27: ='Food Data'!AO43 -> 3.3 | AR27: ='Food Data'!AO44 -> 3.61 | AS27: ='Food Data'!AO45 -> 4.31 | AT27: ='Food Data'!AO46 -> 2.47 | AU27: ='Food Data'!AO47 -> 3.62 | AV27: ='Food Data'!AO48 -> 0.42 | AW27: ='Food Data'!AO49 -> 0.81 | AX27: ='Food Data'!AO50 -> 0.61 | AY27: ='Food Data'!AO51 -> 0.12 | AZ27: ='Food Data'!AO52 -> 0.26 | BA27: ='Food Data'!AO53 -> 0.18 | BB27: ='Food Data'!AO54 -> 0.36 | BC27: ='Food Data'!AO55 -> 0.13 | BD27: ='Food Data'!AO56 -> 0.13 | BE27: ='Food Data'!AO57 -> 1.88 | BF27: ='Food Data'!AO58 -> 0.41 | BG27: ='Food Data'!AO59 -> 0.72 | BH27: ='Food Data'!AO60 -> 0.3 | BI27: ='Food Data'!AO61 -> 1.02 | BJ27: ='Food Data'!AO62 -> 0.34 | BK27: ='Food Data'!AO63 -> 0.95 | BL27: ='Food Data'!AO64 -> 0.21 | BM27: ='Food Data'!AO65 -> 0.97 | BN27: ='Food Data'!AO66 -> 2.71 | BO27: ='Food Data'!AO67 -> 0.27 | BP27: ='Food Data'!AO68 -> 0.02 | BQ27: ='Food Data'!AO69 -> 0 | BR27: ='Food Data'!AO70 -> 0.56 | BS27: ='Food Data'!AO71 -> 3.71 | BT27: ='Food Data'!AO72 -> 0.61 | BU27: ='Food Data'!AO73 -> 5.58 | BV27: ='Food Data'!AO74 -> 2.19 | BW27: ='Food Data'!AO75 -> 1.28 | BX27: ='Food Data'!AO76 -> 0.09
B28: Potassium (mg) | F28: ='Food Data'!AP6 -> 334 | G28: ='Food Data'!AP7 -> 211 | H28: ='Food Data'!AP8 -> 242 | I28: ='Food Data'!AP9 -> 401 | J28: ='Food Data'!AP10 -> 213 | K28: ='Food Data'!AP11 -> 198 | L28: ='Food Data'!AP12 -> 270 | M28: ='Food Data'!AP13 -> 336 | N28: ='Food Data'!AP14 -> 287 | O28: ='Food Data'!AP15 -> 345 | P28: ='Food Data'!AP16 -> 309 | Q28: ='Food Data'!AP17 -> 179 | R28: ='Food Data'!AP18 -> 363 | S28: ='Food Data'!AP19 -> 113 | T28: ='Food Data'!AP20 -> 302 | U28: ='Food Data'!AP21 -> 138 | V28: ='Food Data'!AP22 -> 308 | W28: ='Food Data'!AP23 -> 144 | X28: ='Food Data'!AP24 -> 677 | Y28: ='Food Data'!AP25 -> 558 | Z28: ='Food Data'!AP26 -> 1393 | AA28: ='Food Data'!AP27 -> 0 | AB28: ='Food Data'!AP28 -> 140 | AC28: ='Food Data'!AP29 -> 141 | AD28: ='Food Data'!AP30 -> 122 | AE28: ='Food Data'!AP31 -> 132 | AF28: ='Food Data'!AP32 -> 132 | AG28: ='Food Data'!AP33 -> 76 | AH28: ='Food Data'!AP34 -> 125 | AI28: ='Food Data'!AP35 -> 188 | AJ28: ='Food Data'!AP36 -> 107 | AK28: ='Food Data'!AP37 -> 250 | AL28: ='Food Data'!AP38 -> 641 | AM28: ='Food Data'!AP39 -> 186 | AN28: ='Food Data'!AP40 -> 133 | AO28: ='Food Data'!AP41 -> 563 | AP28: ='Food Data'!AP42 -> 362 | AQ28: ='Food Data'!AP43 -> 223 | AR28: ='Food Data'!AP44 -> 126 | AS28: ='Food Data'!AP45 -> 115 | AT28: ='Food Data'!AP46 -> 254 | AU28: ='Food Data'!AP47 -> 434 | AV28: ='Food Data'!AP48 -> 213 | AW28: ='Food Data'!AP49 -> 425 | AX28: ='Food Data'!AP50 -> 337 | AY28: ='Food Data'!AP51 -> 107 | AZ28: ='Food Data'!AP52 -> 358 | BA28: ='Food Data'!AP53 -> 54 | BB28: ='Food Data'!AP54 -> 191 | BC28: ='Food Data'!AP55 -> 178 | BD28: ='Food Data'!AP56 -> 166 | BE28: ='Food Data'!AP57 -> 749 | BF28: ='Food Data'!AP58 -> 153 | BG28: ='Food Data'!AP59 -> 250 | BH28: ='Food Data'!AP60 -> 320 | BI28: ='Food Data'!AP61 -> 92 | BJ28: ='Food Data'!AP62 -> 175 | BK28: ='Food Data'!AP63 -> 212 | BL28: ='Food Data'!AP64 -> 146 | BM28: ='Food Data'!AP65 -> 247 | BN28: ='Food Data'!AP66 -> 558 | BO28: ='Food Data'!AP67 -> 237 | BP28: ='Food Data'!AP68 -> 24 | BQ28: ='Food Data'!AP69 -> 0 | BR28: ='Food Data'!AP70 -> 1 | BS28: ='Food Data'!AP71 -> 733 | BT28: ='Food Data'!AP72 -> 507 | BU28: ='Food Data'!AP73 -> 171 | BV28: ='Food Data'!AP74 -> 237 | BW28: ='Food Data'!AP75 -> 1196 | BX28: ='Food Data'!AP76 -> 199
B29: Sodium (mg) | F29: ='Food Data'!AQ6 -> 45 | G29: ='Food Data'!AQ7 -> 106 | H29: ='Food Data'!AQ8 -> 95 | I29: ='Food Data'!AQ9 -> 922 | J29: ='Food Data'!AQ10 -> 69 | K29: ='Food Data'!AQ11 -> 662 | L29: ='Food Data'!AQ12 -> 66 | M29: ='Food Data'!AQ13 -> 66 | N29: ='Food Data'!AQ14 -> 1143 | O29: ='Food Data'!AQ15 -> 82 | P29: ='Food Data'!AQ16 -> 51 | Q29: ='Food Data'!AQ17 -> 247 | R29: ='Food Data'!AQ18 -> 59 | S29: ='Food Data'!AQ19 -> 566 | T29: ='Food Data'!AQ20 -> 52 | U29: ='Food Data'!AQ21 -> 142 | V29: ='Food Data'!AQ22 -> 138 | W29: ='Food Data'!AQ23 -> 278 | X29: ='Food Data'!AQ24 -> 6 | Y29: ='Food Data'!AQ25 -> 426 | Z29: ='Food Data'!AQ26 -> 12 | AA29: ='Food Data'!AQ27 -> 4 | AB29: ='Food Data'!AQ28 -> 47 | AC29: ='Food Data'!AQ29 -> 36 | AD29: ='Food Data'!AQ30 -> 47 | AE29: ='Food Data'!AQ31 -> 43 | AF29: ='Food Data'!AQ32 -> 1671 | AG29: ='Food Data'!AQ33 -> 653 | AH29: ='Food Data'!AQ34 -> 308 | AI29: ='Food Data'!AQ35 -> 666 | AJ29: ='Food Data'!AQ36 -> 422 | AK29: ='Food Data'!AQ37 -> 5 | AL29: ='Food Data'!AQ38 -> 497 | AM29: ='Food Data'!AQ39 -> 45 | AN29: ='Food Data'!AQ40 -> 742 | AO29: ='Food Data'!AQ41 -> 5 | AP29: ='Food Data'!AQ42 -> 6 | AQ29: ='Food Data'!AQ43 -> 6 | AR29: ='Food Data'!AQ44 -> 490 | AS29: ='Food Data'!AQ45 -> 5 | AT29: ='Food Data'!AQ46 -> 455 | AU29: ='Food Data'!AQ47 -> 6 | AV29: ='Food Data'!AQ48 -> 3 | AW29: ='Food Data'!AQ49 -> 6 | AX29: ='Food Data'!AQ50 -> 55 | AY29: ='Food Data'!AQ51 -> 1 | AZ29: ='Food Data'!AQ52 -> 1 | BA29: ='Food Data'!AQ53 -> 1 | BB29: ='Food Data'!AQ54 -> 2 | BC29: ='Food Data'!AQ55 -> 2 | BD29: ='Food Data'!AQ56 -> 1 | BE29: ='Food Data'!AQ57 -> 11 | BF29: ='Food Data'!AQ58 -> 1 | BG29: ='Food Data'!AQ59 -> 17 | BH29: ='Food Data'!AQ60 -> 69 | BI29: ='Food Data'!AQ61 -> 192 | BJ29: ='Food Data'!AQ62 -> 3 | BK29: ='Food Data'!AQ63 -> 47 | BL29: ='Food Data'!AQ64 -> 4 | BM29: ='Food Data'!AQ65 -> 8 | BN29: ='Food Data'!AQ66 -> 79 | BO29: ='Food Data'!AQ67 -> 5 | BP29: ='Food Data'!AQ68 -> 643 | BQ29: ='Food Data'!AQ69 -> 0 | BR29: ='Food Data'!AQ70 -> 2 | BS29: ='Food Data'!AQ71 -> 1 | BT29: ='Food Data'!AQ72 -> 8 | BU29: ='Food Data'!AQ73 -> 311 | BV29: ='Food Data'!AQ74 -> 251 | BW29: ='Food Data'!AQ75 -> 527 | BX29: ='Food Data'!AQ76 -> 80
B30: Vitamin C (mg) | F30: ='Food Data'!AR6 -> 0 | G30: ='Food Data'!AR7 -> 0 | H30: ='Food Data'!AR8 -> 0 | I30: ='Food Data'!AR9 -> 0 | J30: ='Food Data'!AR10 -> 0 | K30: ='Food Data'!AR11 -> 0 | L30: ='Food Data'!AR12 -> 0 | M30: ='Food Data'!AR13 -> 0 | N30: ='Food Data'!AR14 -> 4 | O30: ='Food Data'!AR15 -> 0 | P30: ='Food Data'!AR16 -> 0 | Q30: ='Food Data'!AR17 -> 0 | R30: ='Food Data'!AR18 -> 3.9 | S30: ='Food Data'!AR19 -> 0 | T30: ='Food Data'!AR20 -> 0 | U30: ='Food Data'!AR21 -> 0 | V30: ='Food Data'!AR22 -> 2.7 | W30: ='Food Data'!AR23 -> 0.1 | X30: ='Food Data'!AR24 -> 4.5 | Y30: ='Food Data'!AR25 -> 0 | Z30: ='Food Data'!AR26 -> 6.3 | AA30: ='Food Data'!AR27 -> 0 | AB30: ='Food Data'!AR28 -> 0.2 | AC30: ='Food Data'!AR29 -> 0 | AD30: ='Food Data'!AR30 -> 0 | AE30: ='Food Data'!AR31 -> 0 | AF30: ='Food Data'!AR32 -> 0 | AG30: ='Food Data'!AR33 -> 0 | AH30: ='Food Data'!AR34 -> 0 | AI30: ='Food Data'!AR35 -> 0 | AJ30: ='Food Data'!AR36 -> 0 | AK30: ='Food Data'!AR37 -> 0 | AL30: ='Food Data'!AR38 -> 21.6 | AM30: ='Food Data'!AR39 -> 0 | AN30: ='Food Data'!AR40 -> 0 | AO30: ='Food Data'!AR41 -> 0 | AP30: ='Food Data'!AR42 -> 0 | AQ30: ='Food Data'!AR43 -> 0 | AR30: ='Food Data'!AR44 -> 0 | AS30: ='Food Data'!AR45 -> 0 | AT30: ='Food Data'!AR46 -> 0 | AU30: ='Food Data'!AR47 -> 0 | AV30: ='Food Data'!AR48 -> 6.4 | AW30: ='Food Data'!AR49 -> 19.7 | AX30: ='Food Data'!AR50 -> 2.4 | AY30: ='Food Data'!AR51 -> 4.6 | AZ30: ='Food Data'!AR52 -> 8.7 | BA30: ='Food Data'!AR53 -> 2.5 | BB30: ='Food Data'!AR54 -> 3.2 | BC30: ='Food Data'!AR55 -> 33.6 | BD30: ='Food Data'!AR56 -> 59.1 | BE30: ='Food Data'!AR57 -> 2.3 | BF30: ='Food Data'!AR58 -> 58.8 | BG30: ='Food Data'!AR59 -> 68.3 | BH30: ='Food Data'!AR60 -> 5.9 | BI30: ='Food Data'!AR61 -> 2.2 | BJ30: ='Food Data'!AR62 -> 80.4 | BK30: ='Food Data'!AR63 -> 10.4 | BL30: ='Food Data'!AR64 -> 7.4 | BM30: ='Food Data'!AR65 -> 4 | BN30: ='Food Data'!AR66 -> 28.1 | BO30: ='Food Data'!AR67 -> 13.7 | BP30: ='Food Data'!AR68 -> 0 | BQ30: ='Food Data'!AR69 -> 0 | BR30: ='Food Data'!AR70 -> 0 | BS30: ='Food Data'!AR71 -> 0 | BT30: ='Food Data'!AR72 -> 8.8 | BU30: ='Food Data'!AR73 -> 0 | BV30: ='Food Data'!AR74 -> 0 | BW30: ='Food Data'!AR75 -> 21.6 | BX30: ='Food Data'!AR76 -> 0.6
A32: MEAL MATRIX Mᵀ (share of each food eaten at each meal; columns sum to 1)
B33: Breakfast | F33: ='Food Data'!AB6 -> 0 | G33: ='Food Data'!AB7 -> 0 | H33: ='Food Data'!AB8 -> 0 | I33: ='Food Data'!AB9 -> 0 | J33: ='Food Data'!AB10 -> 0 | K33: ='Food Data'!AB11 -> 1 | L33: ='Food Data'!AB12 -> 0 | M33: ='Food Data'!AB13 -> 0 | N33: ='Food Data'!AB14 -> 0 | O33: ='Food Data'!AB15 -> 0 | P33: ='Food Data'!AB16 -> 0 | Q33: ='Food Data'!AB17 -> 0 | R33: ='Food Data'!AB18 -> 0 | S33: ='Food Data'!AB19 -> 0 | T33: ='Food Data'!AB20 -> 0 | U33: ='Food Data'!AB21 -> 1 | V33: ='Food Data'!AB22 -> 0 | W33: ='Food Data'!AB23 -> 0 | X33: ='Food Data'!AB24 -> 0 | Y33: ='Food Data'!AB25 -> 0.5 | Z33: ='Food Data'!AB26 -> 0 | AA33: ='Food Data'!AB27 -> 0 | AB33: ='Food Data'!AB28 -> 0.5 | AC33: ='Food Data'!AB29 -> 0.5 | AD33: ='Food Data'!AB30 -> 0.5 | AE33: ='Food Data'!AB31 -> 0.5 | AF33: ='Food Data'!AB32 -> 0 | AG33: ='Food Data'!AB33 -> 0 | AH33: ='Food Data'!AB34 -> 0 | AI33: ='Food Data'!AB35 -> 0 | AJ33: ='Food Data'!AB36 -> 1 | AK33: ='Food Data'!AB37 -> 0 | AL33: ='Food Data'!AB38 -> 1 | AM33: ='Food Data'!AB39 -> 0 | AN33: ='Food Data'!AB40 -> 0 | AO33: ='Food Data'!AB41 -> 0 | AP33: ='Food Data'!AB42 -> 1 | AQ33: ='Food Data'!AB43 -> 0 | AR33: ='Food Data'!AB44 -> 0.5 | AS33: ='Food Data'!AB45 -> 0 | AT33: ='Food Data'!AB46 -> 0.5 | AU33: ='Food Data'!AB47 -> 0 | AV33: ='Food Data'!AB48 -> 0 | AW33: ='Food Data'!AB49 -> 0 | AX33: ='Food Data'!AB50 -> 0 | AY33: ='Food Data'!AB51 -> 0 | AZ33: ='Food Data'!AB52 -> 0.5 | BA33: ='Food Data'!AB53 -> 1 | BB33: ='Food Data'!AB54 -> 0 | BC33: ='Food Data'!AB55 -> 1 | BD33: ='Food Data'!AB56 -> 0 | BE33: ='Food Data'!AB57 -> 0 | BF33: ='Food Data'!AB58 -> 0.5 | BG33: ='Food Data'!AB59 -> 0 | BH33: ='Food Data'!AB60 -> 0 | BI33: ='Food Data'!AB61 -> 0 | BJ33: ='Food Data'!AB62 -> 0 | BK33: ='Food Data'!AB63 -> 0 | BL33: ='Food Data'!AB64 -> 0 | BM33: ='Food Data'!AB65 -> 0 | BN33: ='Food Data'!AB66 -> 0 | BO33: ='Food Data'!AB67 -> 0 | BP33: ='Food Data'!AB68 -> 0.5 | BQ33: ='Food Data'!AB69 -> 0 | BR33: ='Food Data'!AB70 -> 0 | BS33: ='Food Data'!AB71 -> 0 | BT33: ='Food Data'!AB72 -> 0 | BU33: ='Food Data'!AB73 -> 0 | BV33: ='Food Data'!AB74 -> 0 | BW33: ='Food Data'!AB75 -> 0 | BX33: ='Food Data'!AB76 -> 0
B34: Lunch | F34: ='Food Data'!AC6 -> 0.5 | G34: ='Food Data'!AC7 -> 0.5 | H34: ='Food Data'!AC8 -> 0.5 | I34: ='Food Data'!AC9 -> 1 | J34: ='Food Data'!AC10 -> 0.5 | K34: ='Food Data'!AC11 -> 0 | L34: ='Food Data'!AC12 -> 0.5 | M34: ='Food Data'!AC13 -> 0.5 | N34: ='Food Data'!AC14 -> 1 | O34: ='Food Data'!AC15 -> 0.5 | P34: ='Food Data'!AC16 -> 0 | Q34: ='Food Data'!AC17 -> 1 | R34: ='Food Data'!AC18 -> 0 | S34: ='Food Data'!AC19 -> 0 | T34: ='Food Data'!AC20 -> 0.5 | U34: ='Food Data'!AC21 -> 0 | V34: ='Food Data'!AC22 -> 0.5 | W34: ='Food Data'!AC23 -> 0.5 | X34: ='Food Data'!AC24 -> 0.5 | Y34: ='Food Data'!AC25 -> 0 | Z34: ='Food Data'!AC26 -> 0.5 | AA34: ='Food Data'!AC27 -> 0.5 | AB34: ='Food Data'!AC28 -> 0 | AC34: ='Food Data'!AC29 -> 0 | AD34: ='Food Data'!AC30 -> 0 | AE34: ='Food Data'!AC31 -> 0 | AF34: ='Food Data'!AC32 -> 1 | AG34: ='Food Data'!AC33 -> 0.5 | AH34: ='Food Data'!AC34 -> 0.5 | AI34: ='Food Data'!AC35 -> 0 | AJ34: ='Food Data'!AC36 -> 0 | AK34: ='Food Data'!AC37 -> 0.5 | AL34: ='Food Data'!AC38 -> 0 | AM34: ='Food Data'!AC39 -> 0.5 | AN34: ='Food Data'!AC40 -> 0.5 | AO34: ='Food Data'!AC41 -> 0.5 | AP34: ='Food Data'!AC42 -> 0 | AQ34: ='Food Data'!AC43 -> 0.5 | AR34: ='Food Data'!AC44 -> 0.5 | AS34: ='Food Data'!AC45 -> 0.5 | AT34: ='Food Data'!AC46 -> 0.5 | AU34: ='Food Data'!AC47 -> 0.5 | AV34: ='Food Data'!AC48 -> 0.5 | AW34: ='Food Data'!AC49 -> 0.5 | AX34: ='Food Data'!AC50 -> 0.5 | AY34: ='Food Data'!AC51 -> 0.5 | AZ34: ='Food Data'!AC52 -> 0 | BA34: ='Food Data'!AC53 -> 0 | BB34: ='Food Data'!AC54 -> 0 | BC34: ='Food Data'!AC55 -> 0 | BD34: ='Food Data'!AC56 -> 0.5 | BE34: ='Food Data'!AC57 -> 0 | BF34: ='Food Data'!AC58 -> 0 | BG34: ='Food Data'!AC59 -> 0.5 | BH34: ='Food Data'!AC60 -> 0.5 | BI34: ='Food Data'!AC61 -> 0.5 | BJ34: ='Food Data'!AC62 -> 0.5 | BK34: ='Food Data'!AC63 -> 0.5 | BL34: ='Food Data'!AC64 -> 0.5 | BM34: ='Food Data'!AC65 -> 0.5 | BN34: ='Food Data'!AC66 -> 0.5 | BO34: ='Food Data'!AC67 -> 0.5 | BP34: ='Food Data'!AC68 -> 0 | BQ34: ='Food Data'!AC69 -> 0.5 | BR34: ='Food Data'!AC70 -> 0.5 | BS34: ='Food Data'!AC71 -> 0 | BT34: ='Food Data'!AC72 -> 0.5 | BU34: ='Food Data'!AC73 -> 0 | BV34: ='Food Data'!AC74 -> 0 | BW34: ='Food Data'!AC75 -> 0 | BX34: ='Food Data'!AC76 -> 0
B35: Dinner | F35: ='Food Data'!AD6 -> 0.5 | G35: ='Food Data'!AD7 -> 0.5 | H35: ='Food Data'!AD8 -> 0.5 | I35: ='Food Data'!AD9 -> 0 | J35: ='Food Data'!AD10 -> 0.5 | K35: ='Food Data'!AD11 -> 0 | L35: ='Food Data'!AD12 -> 0.5 | M35: ='Food Data'!AD13 -> 0.5 | N35: ='Food Data'!AD14 -> 0 | O35: ='Food Data'!AD15 -> 0.5 | P35: ='Food Data'!AD16 -> 1 | Q35: ='Food Data'!AD17 -> 0 | R35: ='Food Data'!AD18 -> 1 | S35: ='Food Data'!AD19 -> 1 | T35: ='Food Data'!AD20 -> 0.5 | U35: ='Food Data'!AD21 -> 0 | V35: ='Food Data'!AD22 -> 0.5 | W35: ='Food Data'!AD23 -> 0.5 | X35: ='Food Data'!AD24 -> 0.5 | Y35: ='Food Data'!AD25 -> 0 | Z35: ='Food Data'!AD26 -> 0.5 | AA35: ='Food Data'!AD27 -> 0.5 | AB35: ='Food Data'!AD28 -> 0 | AC35: ='Food Data'!AD29 -> 0 | AD35: ='Food Data'!AD30 -> 0 | AE35: ='Food Data'!AD31 -> 0 | AF35: ='Food Data'!AD32 -> 0 | AG35: ='Food Data'!AD33 -> 0.5 | AH35: ='Food Data'!AD34 -> 0 | AI35: ='Food Data'!AD35 -> 0 | AJ35: ='Food Data'!AD36 -> 0 | AK35: ='Food Data'!AD37 -> 0.5 | AL35: ='Food Data'!AD38 -> 0 | AM35: ='Food Data'!AD39 -> 0.5 | AN35: ='Food Data'!AD40 -> 0.5 | AO35: ='Food Data'!AD41 -> 0.5 | AP35: ='Food Data'!AD42 -> 0 | AQ35: ='Food Data'!AD43 -> 0.5 | AR35: ='Food Data'!AD44 -> 0 | AS35: ='Food Data'!AD45 -> 0.5 | AT35: ='Food Data'!AD46 -> 0 | AU35: ='Food Data'!AD47 -> 0.5 | AV35: ='Food Data'!AD48 -> 0.5 | AW35: ='Food Data'!AD49 -> 0.5 | AX35: ='Food Data'!AD50 -> 0.5 | AY35: ='Food Data'!AD51 -> 0 | AZ35: ='Food Data'!AD52 -> 0 | BA35: ='Food Data'!AD53 -> 0 | BB35: ='Food Data'!AD54 -> 0 | BC35: ='Food Data'!AD55 -> 0 | BD35: ='Food Data'!AD56 -> 0 | BE35: ='Food Data'!AD57 -> 0 | BF35: ='Food Data'!AD58 -> 0 | BG35: ='Food Data'!AD59 -> 0.5 | BH35: ='Food Data'!AD60 -> 0 | BI35: ='Food Data'!AD61 -> 0.5 | BJ35: ='Food Data'!AD62 -> 0.5 | BK35: ='Food Data'!AD63 -> 0.5 | BL35: ='Food Data'!AD64 -> 0.5 | BM35: ='Food Data'!AD65 -> 0.5 | BN35: ='Food Data'!AD66 -> 0.5 | BO35: ='Food Data'!AD67 -> 0.5 | BP35: ='Food Data'!AD68 -> 0.5 | BQ35: ='Food Data'!AD69 -> 0.5 | BR35: ='Food Data'!AD70 -> 0.5 | BS35: ='Food Data'!AD71 -> 0 | BT35: ='Food Data'!AD72 -> 0.5 | BU35: ='Food Data'!AD73 -> 0 | BV35: ='Food Data'!AD74 -> 0 | BW35: ='Food Data'!AD75 -> 0 | BX35: ='Food Data'!AD76 -> 0
B36: Snacks | F36: ='Food Data'!AE6 -> 0 | G36: ='Food Data'!AE7 -> 0 | H36: ='Food Data'!AE8 -> 0 | I36: ='Food Data'!AE9 -> 0 | J36: ='Food Data'!AE10 -> 0 | K36: ='Food Data'!AE11 -> 0 | L36: ='Food Data'!AE12 -> 0 | M36: ='Food Data'!AE13 -> 0 | N36: ='Food Data'!AE14 -> 0 | O36: ='Food Data'!AE15 -> 0 | P36: ='Food Data'!AE16 -> 0 | Q36: ='Food Data'!AE17 -> 0 | R36: ='Food Data'!AE18 -> 0 | S36: ='Food Data'!AE19 -> 0 | T36: ='Food Data'!AE20 -> 0 | U36: ='Food Data'!AE21 -> 0 | V36: ='Food Data'!AE22 -> 0 | W36: ='Food Data'!AE23 -> 0 | X36: ='Food Data'!AE24 -> 0 | Y36: ='Food Data'!AE25 -> 0.5 | Z36: ='Food Data'!AE26 -> 0 | AA36: ='Food Data'!AE27 -> 0 | AB36: ='Food Data'!AE28 -> 0.5 | AC36: ='Food Data'!AE29 -> 0.5 | AD36: ='Food Data'!AE30 -> 0.5 | AE36: ='Food Data'!AE31 -> 0.5 | AF36: ='Food Data'!AE32 -> 0 | AG36: ='Food Data'!AE33 -> 0 | AH36: ='Food Data'!AE34 -> 0.5 | AI36: ='Food Data'!AE35 -> 1 | AJ36: ='Food Data'!AE36 -> 0 | AK36: ='Food Data'!AE37 -> 0 | AL36: ='Food Data'!AE38 -> 0 | AM36: ='Food Data'!AE39 -> 0 | AN36: ='Food Data'!AE40 -> 0 | AO36: ='Food Data'!AE41 -> 0 | AP36: ='Food Data'!AE42 -> 0 | AQ36: ='Food Data'!AE43 -> 0 | AR36: ='Food Data'!AE44 -> 0 | AS36: ='Food Data'!AE45 -> 0 | AT36: ='Food Data'!AE46 -> 0 | AU36: ='Food Data'!AE47 -> 0 | AV36: ='Food Data'!AE48 -> 0 | AW36: ='Food Data'!AE49 -> 0 | AX36: ='Food Data'!AE50 -> 0 | AY36: ='Food Data'!AE51 -> 0.5 | AZ36: ='Food Data'!AE52 -> 0.5 | BA36: ='Food Data'!AE53 -> 0 | BB36: ='Food Data'!AE54 -> 1 | BC36: ='Food Data'!AE55 -> 0 | BD36: ='Food Data'!AE56 -> 0.5 | BE36: ='Food Data'!AE57 -> 1 | BF36: ='Food Data'!AE58 -> 0.5 | BG36: ='Food Data'!AE59 -> 0 | BH36: ='Food Data'!AE60 -> 0.5 | BI36: ='Food Data'!AE61 -> 0 | BJ36: ='Food Data'!AE62 -> 0 | BK36: ='Food Data'!AE63 -> 0 | BL36: ='Food Data'!AE64 -> 0 | BM36: ='Food Data'!AE65 -> 0 | BN36: ='Food Data'!AE66 -> 0 | BO36: ='Food Data'!AE67 -> 0 | BP36: ='Food Data'!AE68 -> 0 | BQ36: ='Food Data'!AE69 -> 0 | BR36: ='Food Data'!AE70 -> 0 | BS36: ='Food Data'!AE71 -> 1 | BT36: ='Food Data'!AE72 -> 0 | BU36: ='Food Data'!AE73 -> 1 | BV36: ='Food Data'!AE74 -> 1 | BW36: ='Food Data'!AE75 -> 1 | BX36: ='Food Data'!AE76 -> 1
A38: CONSTRAINT MATRIX G (every rule is one row: coefficients across the food columns)
A39: Rule | B39: Kind | C39: b (right side) | D39: G·x (plan) | E39: Status | F39: =F13 -> Chicken breast (boneless, skinless) | G39: =G13 -> Chicken drumsticks (bone-in) | H39: =H13 -> Chicken thighs (boneless, skinless) | I39: =I13 -> Deli turkey breast (sliced) | J39: =J13 -> Ground turkey 93/7 | K39: =K13 -> Bacon | L39: =L13 -> Ground beef 80/20 | M39: =M13 -> Ground beef 93/7 (lean) | ... BX39: =BX13 -> Vanilla ice cream
A40: Calories ≥ target − tolerance | B40: nutrient ≥ | C40: =Planner!$E$16*(1-Planner!$C$42) -> 2878.5 | D40: {=MMULT(F40:BX107,C112:C182)} -> 2878.5 | E40: =IF(D40>=C40-0.000001*MAX(1,ABS(C40)),IF(ABS(D40-C40)<=0.000001*MAX(1,ABS(C40)),"tight","ok"),"VIOLATED") -> tight | F40: =F$20 -> 120 | G40: =G$20 -> 161 | H40: =H$20 -> 121 | I40: =I$20 -> 100 | J40: =J$20 -> 150 | K40: =K$20 -> 417 | L40: =L$20 -> 254 | M40: =M$20 -> 152 | ... BX40: =BX$20 -> 207
A41: Protein ≥ floor (g, optional) | B41: nutrient ≥ | C41: =N(Planner!$E$17) -> 112 | D41: 112 | E41: =IF(D41>=C41-0.000001*MAX(1,ABS(C41)),IF(ABS(D41-C41)<=0.000001*MAX(1,ABS(C41)),"tight","ok"),"VIOLATED") -> tight | F41: =F$21 -> 22.5 | G41: =G$21 -> 18.08 | H41: =H$21 -> 19.66 | I41: =I$21 -> 16.33 | J41: =J$21 -> 18.73 | K41: =K$21 -> 12.62 | L41: =L$21 -> 17.17 | M41: =M$21 -> 20.85 | ... BX41: =BX$21 -> 3.5
A42: Protein ≥ min % of calories (4·P − s·kcal ≥ 0) | B42: macro ≥ | C42: 0 | D42: 160.15 | E42: =IF(D42>=C42-0.000001*MAX(1,ABS(C42)),IF(ABS(D42-C42)<=0.000001*MAX(1,ABS(C42)),"tight","ok"),"VIOLATED") -> ok | F42: =4*F$21-$C$8*F$20 -> 78 | G42: =4*G$21-$C$8*G$20 -> 56.22 | H42: =4*H$21-$C$8*H$20 -> 66.54 | I42: =4*I$21-$C$8*I$20 -> 55.32 | J42: =4*J$21-$C$8*J$20 -> 59.92 | K42: =4*K$21-$C$8*K$20 -> 8.78 | L42: =4*L$21-$C$8*L$20 -> 43.28 | M42: =4*M$21-$C$8*M$20 -> 68.2 | ... BX42: =4*BX$21-$C$8*BX$20 -> -6.7
A43: Carbs ≥ min % of calories (4·C − s·kcal ≥ 0) | B43: macro ≥ | C43: 0 | D43: 575.7 | E43: =IF(D43>=C43-0.000001*MAX(1,ABS(C43)),IF(ABS(D43-C43)<=0.000001*MAX(1,ABS(C43)),"tight","ok"),"VIOLATED") -> ok | F43: =4*F$22-$C$9*F$20 -> -54 | G43: =4*G$22-$C$9*G$20 -> -72.01 | H43: =4*H$22-$C$9*H$20 -> -54.45 | I43: =4*I$22-$C$9*I$20 -> -35.64 | J43: =4*J$22-$C$9*J$20 -> -67.5 | K43: =4*K$22-$C$9*K$20 -> -182.53 | L43: =4*L$22-$C$9*L$20 -> -114.3 | M43: =4*M$22-$C$9*M$20 -> -68.4 | ... BX43: =4*BX$22-$C$9*BX$20 -> 1.25
A44: Fat ≥ min % of calories (9·F − s·kcal ≥ 0) | B44: macro ≥ | C44: 0 | D44: 19.741183 | E44: =IF(D44>=C44-0.000001*MAX(1,ABS(C44)),IF(ABS(D44-C44)<=0.000001*MAX(1,ABS(C44)),"tight","ok"),"VIOLATED") -> ok | F44: =9*F$23-$C$10*F$20 -> -0.42 | G44: =9*G$23-$C$10*G$20 -> 50.6 | H44: =9*H$23-$C$10*H$20 -> 12.88 | I44: =9*I$23-$C$10*I$20 -> 1.33 | J44: =9*J$23-$C$10*J$20 -> 45.06 | K44: =9*K$23-$C$10*K$20 -> 273.81 | L44: =9*L$23-$C$10*L$20 -> 129.2 | M44: =9*M$23-$C$10*M$20 -> 32.6 | ... BX44: =9*BX$23-$C$10*BX$20 -> 57.6
A45: Fiber ≥ minimum | B45: nutrient ≥ | C45: =N(Planner!$E$18) -> 42 | D45: 47.918555 | E45: =IF(D45>=C45-0.000001*MAX(1,ABS(C45)),IF(ABS(D45-C45)<=0.000001*MAX(1,ABS(C45)),"tight","ok"),"VIOLATED") -> ok | F45: =F$24 -> 0 | G45: =G$24 -> 0 | H45: =H$24 -> 0 | I45: =I$24 -> 0 | J45: =J$24 -> 0 | K45: =K$24 -> 0 | L45: =L$24 -> 0 | M45: =M$24 -> 0 | ... BX45: =BX$24 -> 0.7
A46: Calcium ≥ minimum | B46: nutrient ≥ | C46: =N(Planner!$E$19) -> 1000 | D46: 1000 | E46: =IF(D46>=C46-0.000001*MAX(1,ABS(C46)),IF(ABS(D46-C46)<=0.000001*MAX(1,ABS(C46)),"tight","ok"),"VIOLATED") -> tight | F46: =F$26 -> 5 | G46: =G$26 -> 8 | H46: =H$26 -> 7 | I46: =I$26 -> 7 | J46: =J$26 -> 21 | K46: =K$26 -> 5 | L46: =L$26 -> 18 | M46: =M$26 -> 10 | ... BX46: =BX$26 -> 128
A47: Iron ≥ minimum | B47: nutrient ≥ | C47: =N(Planner!$E$20) -> 8 | D47: 23.307801 | E47: =IF(D47>=C47-0.000001*MAX(1,ABS(C47)),IF(ABS(D47-C47)<=0.000001*MAX(1,ABS(C47)),"tight","ok"),"VIOLATED") -> ok | F47: =F$27 -> 0.37 | G47: =G$27 -> 0.71 | H47: =H$27 -> 0.81 | I47: =I$27 -> 0.34 | J47: =J$27 -> 1.17 | K47: =K$27 -> 0.41 | L47: =L$27 -> 1.94 | M47: =M$27 -> 2.33 | ... BX47: =BX$27 -> 0.09
A48: Potassium ≥ minimum | B48: nutrient ≥ | C48: =N(Planner!$E$21) -> 3400 | D48: 5247.6431 | E48: =IF(D48>=C48-0.000001*MAX(1,ABS(C48)),IF(ABS(D48-C48)<=0.000001*MAX(1,ABS(C48)),"tight","ok"),"VIOLATED") -> ok | F48: =F$28 -> 334 | G48: =G$28 -> 211 | H48: =H$28 -> 242 | I48: =I$28 -> 401 | J48: =J$28 -> 213 | K48: =K$28 -> 198 | L48: =L$28 -> 270 | M48: =M$28 -> 336 | ... BX48: =BX$28 -> 199
A49: Vitamin C ≥ minimum | B49: nutrient ≥ | C49: =N(Planner!$E$22) -> 90 | D49: 166.14307 | E49: =IF(D49>=C49-0.000001*MAX(1,ABS(C49)),IF(ABS(D49-C49)<=0.000001*MAX(1,ABS(C49)),"tight","ok"),"VIOLATED") -> ok | F49: =F$30 -> 0 | G49: =G$30 -> 0 | H49: =H$30 -> 0 | I49: =I$30 -> 0 | J49: =J$30 -> 0 | K49: =K$30 -> 0 | L49: =L$30 -> 0 | M49: =M$30 -> 0 | ... BX49: =BX$30 -> 0.6
A50: Breakfast calories ≥ min share | B50: meal ≥ | C50: =Planner!$E$16*Planner!$C$45 -> 606 | D50: 606 | E50: =IF(D50>=C50-0.000001*MAX(1,ABS(C50)),IF(ABS(D50-C50)<=0.000001*MAX(1,ABS(C50)),"tight","ok"),"VIOLATED") -> tight | F50: =F$20*F$33 -> 0 | G50: =G$20*G$33 -> 0 | H50: =H$20*H$33 -> 0 | I50: =I$20*I$33 -> 0 | J50: =J$20*J$33 -> 0 | K50: =K$20*K$33 -> 417 | L50: =L$20*L$33 -> 0 | M50: =M$20*M$33 -> 0 | ... BX50: =BX$20*BX$33 -> 0
A51: Lunch calories ≥ min share | B51: meal ≥ | C51: =Planner!$E$16*Planner!$C$46 -> 757.5 | D51: 929.27914 | E51: =IF(D51>=C51-0.000001*MAX(1,ABS(C51)),IF(ABS(D51-C51)<=0.000001*MAX(1,ABS(C51)),"tight","ok"),"VIOLATED") -> ok | F51: =F$20*F$34 -> 60 | G51: =G$20*G$34 -> 80.5 | H51: =H$20*H$34 -> 60.5 | I51: =I$20*I$34 -> 100 | J51: =J$20*J$34 -> 75 | K51: =K$20*K$34 -> 0 | L51: =L$20*L$34 -> 127 | M51: =M$20*M$34 -> 76 | ... BX51: =BX$20*BX$34 -> 0
A52: Dinner calories ≥ min share | B52: meal ≥ | C52: =Planner!$E$16*Planner!$C$47 -> 757.5 | D52: 929.27914 | E52: =IF(D52>=C52-0.000001*MAX(1,ABS(C52)),IF(ABS(D52-C52)<=0.000001*MAX(1,ABS(C52)),"tight","ok"),"VIOLATED") -> ok | F52: =F$20*F$35 -> 60 | G52: =G$20*G$35 -> 80.5 | H52: =H$20*H$35 -> 60.5 | I52: =I$20*I$35 -> 0 | J52: =J$20*J$35 -> 75 | K52: =K$20*K$35 -> 0 | L52: =L$20*L$35 -> 127 | M52: =M$20*M$35 -> 76 | ... BX52: =BX$20*BX$35 -> 0
A53: Snacks calories ≥ min share | B53: meal ≥ | C53: =Planner!$E$16*Planner!$C$48 -> 151.5 | D53: 413.94172 | E53: =IF(D53>=C53-0.000001*MAX(1,ABS(C53)),IF(ABS(D53-C53)<=0.000001*MAX(1,ABS(C53)),"tight","ok"),"VIOLATED") -> ok | F53: =F$20*F$36 -> 0 | G53: =G$20*G$36 -> 0 | H53: =H$20*H$36 -> 0 | I53: =I$20*I$36 -> 0 | J53: =J$20*J$36 -> 0 | K53: =K$20*K$36 -> 0 | L53: =L$20*L$36 -> 0 | M53: =M$20*M$36 -> 0 | ... BX53: =BX$20*BX$36 -> 207
A54: Breakfast protein ≥ min share of day | B54: meal ≥ | C54: 0 | D54: 10.018742 | E54: =IF(D54>=C54-0.000001*MAX(1,ABS(C54)),IF(ABS(D54-C54)<=0.000001*MAX(1,ABS(C54)),"tight","ok"),"VIOLATED") -> ok | F54: =F$21*(F$33-Planner!$C$44) -> -4.5 | G54: =G$21*(G$33-Planner!$C$44) -> -3.616 | H54: =H$21*(H$33-Planner!$C$44) -> -3.932 | I54: =I$21*(I$33-Planner!$C$44) -> -3.266 | J54: =J$21*(J$33-Planner!$C$44) -> -3.746 | K54: =K$21*(K$33-Planner!$C$44) -> 10.096 | L54: =L$21*(L$33-Planner!$C$44) -> -3.434 | M54: =M$21*(M$33-Planner!$C$44) -> -4.17 | ... BX54: =BX$21*(BX$33-Planner!$C$44) -> -0.7
A55: Lunch protein ≥ min share of day | B55: meal ≥ | C55: 0 | D55: 9.3143923 | E55: =IF(D55>=C55-0.000001*MAX(1,ABS(C55)),IF(ABS(D55-C55)<=0.000001*MAX(1,ABS(C55)),"tight","ok"),"VIOLATED") -> ok | F55: =F$21*(F$34-Planner!$C$44) -> 6.75 | G55: =G$21*(G$34-Planner!$C$44) -> 5.424 | H55: =H$21*(H$34-Planner!$C$44) -> 5.898 | I55: =I$21*(I$34-Planner!$C$44) -> 13.064 | J55: =J$21*(J$34-Planner!$C$44) -> 5.619 | K55: =K$21*(K$34-Planner!$C$44) -> -2.524 | L55: =L$21*(L$34-Planner!$C$44) -> 5.151 | M55: =M$21*(M$34-Planner!$C$44) -> 6.255 | ... BX55: =BX$21*(BX$34-Planner!$C$44) -> -0.7
A56: Dinner protein ≥ min share of day | B56: meal ≥ | C56: 0 | D56: 9.3143923 | E56: =IF(D56>=C56-0.000001*MAX(1,ABS(C56)),IF(ABS(D56-C56)<=0.000001*MAX(1,ABS(C56)),"tight","ok"),"VIOLATED") -> ok | F56: =F$21*(F$35-Planner!$C$44) -> 6.75 | G56: =G$21*(G$35-Planner!$C$44) -> 5.424 | H56: =H$21*(H$35-Planner!$C$44) -> 5.898 | I56: =I$21*(I$35-Planner!$C$44) -> -3.266 | J56: =J$21*(J$35-Planner!$C$44) -> 5.619 | K56: =K$21*(K$35-Planner!$C$44) -> -2.524 | L56: =L$21*(L$35-Planner!$C$44) -> 5.151 | M56: =M$21*(M$35-Planner!$C$44) -> 6.255 | ... BX56: =BX$21*(BX$35-Planner!$C$44) -> -0.7
A57: Vegetables ≥ min cup-equivalents | B57: group ≥ | C57: =Planner!$C$49 -> 2.5 | D57: 2.5 | E57: =IF(D57>=C57-0.000001*MAX(1,ABS(C57)),IF(ABS(D57-C57)<=0.000001*MAX(1,ABS(C57)),"tight","ok"),"VIOLATED") -> tight | F57: =IF('Food Data'!$C$6="Vegetables",100/'Food Data'!$AF$6,0) -> 0 | G57: =IF('Food Data'!$C$7="Vegetables",100/'Food Data'!$AF$7,0) -> 0 | H57: =IF('Food Data'!$C$8="Vegetables",100/'Food Data'!$AF$8,0) -> 0 | I57: =IF('Food Data'!$C$9="Vegetables",100/'Food Data'!$AF$9,0) -> 0 | J57: =IF('Food Data'!$C$10="Vegetables",100/'Food Data'!$AF$10,0) -> 0 | K57: =IF('Food Data'!$C$11="Vegetables",100/'Food Data'!$AF$11,0) -> 0 | L57: =IF('Food Data'!$C$12="Vegetables",100/'Food Data'!$AF$12,0) -> 0 | M57: =IF('Food Data'!$C$13="Vegetables",100/'Food Data'!$AF$13,0) -> 0 | N57: =IF('Food Data'!$C$14="Vegetables",100/'Food Data'!$AF$14,0) -> 0 | O57: =IF('Food Data'!$C$15="Vegetables",100/'Food Data'!$AF$15,0) -> 0 | P57: =IF('Food Data'!$C$16="Vegetables",100/'Food Data'!$AF$16,0) -> 0 | Q57: =IF('Food Data'!$C$17="Vegetables",100/'Food Data'!$AF$17,0) -> 0 | R57: =IF('Food Data'!$C$18="Vegetables",100/'Food Data'!$AF$18,0) -> 0 | S57: =IF('Food Data'!$C$19="Vegetables",100/'Food Data'!$AF$19,0) -> 0 | T57: =IF('Food Data'!$C$20="Vegetables",100/'Food Data'!$AF$20,0) -> 0 | U57: =IF('Food Data'!$C$21="Vegetables",100/'Food Data'!$AF$21,0) -> 0 | V57: =IF('Food Data'!$C$22="Vegetables",100/'Food Data'!$AF$22,0) -> 0 | W57: =IF('Food Data'!$C$23="Vegetables",100/'Food Data'!$AF$23,0) -> 0 | X57: =IF('Food Data'!$C$24="Vegetables",100/'Food Data'!$AF$24,0) -> 0 | Y57: =IF('Food Data'!$C$25="Vegetables",100/'Food Data'!$AF$25,0) -> 0 | Z57: =IF('Food Data'!$C$26="Vegetables",100/'Food Data'!$AF$26,0) -> 0 | AA57: =IF('Food Data'!$C$27="Vegetables",100/'Food Data'!$AF$27,0) -> 0 | AB57: =IF('Food Data'!$C$28="Vegetables",100/'Food Data'!$AF$28,0) -> 0 | AC57: =IF('Food Data'!$C$29="Vegetables",100/'Food Data'!$AF$29,0) -> 0 | AD57: =IF('Food Data'!$C$30="Vegetables",100/'Food Data'!$AF$30,0) -> 0 | AE57: =IF('Food Data'!$C$31="Vegetables",100/'Food Data'!$AF$31,0) -> 0 | AF57: =IF('Food Data'!$C$32="Vegetables",100/'Food Data'!$AF$32,0) -> 0 | AG57: =IF('Food Data'!$C$33="Vegetables",100/'Food Data'!$AF$33,0) -> 0 | AH57: =IF('Food Data'!$C$34="Vegetables",100/'Food Data'!$AF$34,0) -> 0 | AI57: =IF('Food Data'!$C$35="Vegetables",100/'Food Data'!$AF$35,0) -> 0 | AJ57: =IF('Food Data'!$C$36="Vegetables",100/'Food Data'!$AF$36,0) -> 0 | AK57: =IF('Food Data'!$C$37="Vegetables",100/'Food Data'!$AF$37,0) -> 0 | AL57: =IF('Food Data'!$C$38="Vegetables",100/'Food Data'!$AF$38,0) -> 0 | AM57: =IF('Food Data'!$C$39="Vegetables",100/'Food Data'!$AF$39,0) -> 0 | AN57: =IF('Food Data'!$C$40="Vegetables",100/'Food Data'!$AF$40,0) -> 0 | AO57: =IF('Food Data'!$C$41="Vegetables",100/'Food Data'!$AF$41,0) -> 0 | AP57: =IF('Food Data'!$C$42="Vegetables",100/'Food Data'!$AF$42,0) -> 0 | AQ57: =IF('Food Data'!$C$43="Vegetables",100/'Food Data'!$AF$43,0) -> 0 | AR57: =IF('Food Data'!$C$44="Vegetables",100/'Food Data'!$AF$44,0) -> 0 | AS57: =IF('Food Data'!$C$45="Vegetables",100/'Food Data'!$AF$45,0) -> 0 | AT57: =IF('Food Data'!$C$46="Vegetables",100/'Food Data'!$AF$46,0) -> 0 | AU57: =IF('Food Data'!$C$47="Vegetables",100/'Food Data'!$AF$47,0) -> 0 | AV57: =IF('Food Data'!$C$48="Vegetables",100/'Food Data'!$AF$48,0) -> 0 | AW57: =IF('Food Data'!$C$49="Vegetables",100/'Food Data'!$AF$49,0) -> 0 | AX57: =IF('Food Data'!$C$50="Vegetables",100/'Food Data'!$AF$50,0) -> 0 | AY57: =IF('Food Data'!$C$51="Vegetables",100/'Food Data'!$AF$51,0) -> 0 | AZ57: =IF('Food Data'!$C$52="Vegetables",100/'Food Data'!$AF$52,0) -> 0 | BA57: =IF('Food Data'!$C$53="Vegetables",100/'Food Data'!$AF$53,0) -> 0 | BB57: =IF('Food Data'!$C$54="Vegetables",100/'Food Data'!$AF$54,0) -> 0 | BC57: =IF('Food Data'!$C$55="Vegetables",100/'Food Data'!$AF$55,0) -> 0 | BD57: =IF('Food Data'!$C$56="Vegetables",100/'Food Data'!$AF$56,0) -> 0 | BE57: =IF('Food Data'!$C$57="Vegetables",100/'Food Data'!$AF$57,0) -> 0 | BF57: =IF('Food Data'!$C$58="Vegetables",100/'Food Data'!$AF$58,0) -> 0 | BG57: =IF('Food Data'!$C$59="Vegetables",100/'Food Data'!$AF$59,0) -> 1.0989011 | BH57: =IF('Food Data'!$C$60="Vegetables",100/'Food Data'!$AF$60,0) -> 0.78125 | BI57: =IF('Food Data'!$C$61="Vegetables",100/'Food Data'!$AF$61,0) -> 0.42553191 | BJ57: =IF('Food Data'!$C$62="Vegetables",100/'Food Data'!$AF$62,0) -> 0.67114094 | BK57: =IF('Food Data'!$C$63="Vegetables",100/'Food Data'!$AF$63,0) -> 0.73529412 | BL57: =IF('Food Data'!$C$64="Vegetables",100/'Food Data'!$AF$64,0) -> 0.625 | BM57: =IF('Food Data'!$C$65="Vegetables",100/'Food Data'!$AF$65,0) -> 1.0638298 | BN57: =IF('Food Data'!$C$66="Vegetables",100/'Food Data'!$AF$66,0) -> 1.6666667 | BO57: =IF('Food Data'!$C$67="Vegetables",100/'Food Data'!$AF$67,0) -> 0.55555556 | BP57: =IF('Food Data'!$C$68="Vegetables",100/'Food Data'!$AF$68,0) -> 0 | BQ57: =IF('Food Data'!$C$69="Vegetables",100/'Food Data'!$AF$69,0) -> 0 | BR57: =IF('Food Data'!$C$70="Vegetables",100/'Food Data'!$AF$70,0) -> 0 | BS57: =IF('Food Data'!$C$71="Vegetables",100/'Food Data'!$AF$71,0) -> 0 | BT57: =IF('Food Data'!$C$72="Vegetables",100/'Food Data'!$AF$72,0) -> 0 | BU57: =IF('Food Data'!$C$73="Vegetables",100/'Food Data'!$AF$73,0) -> 0 | BV57: =IF('Food Data'!$C$74="Vegetables",100/'Food Data'!$AF$74,0) -> 0 | BW57: =IF('Food Data'!$C$75="Vegetables",100/'Food Data'!$AF$75,0) -> 0 | BX57: =IF('Food Data'!$C$76="Vegetables",100/'Food Data'!$AF$76,0) -> 0
A58: Fruit ≥ min cup-equivalents | B58: group ≥ | C58: =Planner!$C$50 -> 2 | D58: 2 | E58: =IF(D58>=C58-0.000001*MAX(1,ABS(C58)),IF(ABS(D58-C58)<=0.000001*MAX(1,ABS(C58)),"tight","ok"),"VIOLATED") -> tight | F58: =IF('Food Data'!$C$6="Fruit",100/'Food Data'!$AF$6,0) -> 0 | G58: =IF('Food Data'!$C$7="Fruit",100/'Food Data'!$AF$7,0) -> 0 | H58: =IF('Food Data'!$C$8="Fruit",100/'Food Data'!$AF$8,0) -> 0 | I58: =IF('Food Data'!$C$9="Fruit",100/'Food Data'!$AF$9,0) -> 0 | J58: =IF('Food Data'!$C$10="Fruit",100/'Food Data'!$AF$10,0) -> 0 | K58: =IF('Food Data'!$C$11="Fruit",100/'Food Data'!$AF$11,0) -> 0 | L58: =IF('Food Data'!$C$12="Fruit",100/'Food Data'!$AF$12,0) -> 0 | M58: =IF('Food Data'!$C$13="Fruit",100/'Food Data'!$AF$13,0) -> 0 | N58: =IF('Food Data'!$C$14="Fruit",100/'Food Data'!$AF$14,0) -> 0 | O58: =IF('Food Data'!$C$15="Fruit",100/'Food Data'!$AF$15,0) -> 0 | P58: =IF('Food Data'!$C$16="Fruit",100/'Food Data'!$AF$16,0) -> 0 | Q58: =IF('Food Data'!$C$17="Fruit",100/'Food Data'!$AF$17,0) -> 0 | R58: =IF('Food Data'!$C$18="Fruit",100/'Food Data'!$AF$18,0) -> 0 | S58: =IF('Food Data'!$C$19="Fruit",100/'Food Data'!$AF$19,0) -> 0 | T58: =IF('Food Data'!$C$20="Fruit",100/'Food Data'!$AF$20,0) -> 0 | U58: =IF('Food Data'!$C$21="Fruit",100/'Food Data'!$AF$21,0) -> 0 | V58: =IF('Food Data'!$C$22="Fruit",100/'Food Data'!$AF$22,0) -> 0 | W58: =IF('Food Data'!$C$23="Fruit",100/'Food Data'!$AF$23,0) -> 0 | X58: =IF('Food Data'!$C$24="Fruit",100/'Food Data'!$AF$24,0) -> 0 | Y58: =IF('Food Data'!$C$25="Fruit",100/'Food Data'!$AF$25,0) -> 0 | Z58: =IF('Food Data'!$C$26="Fruit",100/'Food Data'!$AF$26,0) -> 0 | AA58: =IF('Food Data'!$C$27="Fruit",100/'Food Data'!$AF$27,0) -> 0 | AB58: =IF('Food Data'!$C$28="Fruit",100/'Food Data'!$AF$28,0) -> 0 | AC58: =IF('Food Data'!$C$29="Fruit",100/'Food Data'!$AF$29,0) -> 0 | AD58: =IF('Food Data'!$C$30="Fruit",100/'Food Data'!$AF$30,0) -> 0 | AE58: =IF('Food Data'!$C$31="Fruit",100/'Food Data'!$AF$31,0) -> 0 | AF58: =IF('Food Data'!$C$32="Fruit",100/'Food Data'!$AF$32,0) -> 0 | AG58: =IF('Food Data'!$C$33="Fruit",100/'Food Data'!$AF$33,0) -> 0 | AH58: =IF('Food Data'!$C$34="Fruit",100/'Food Data'!$AF$34,0) -> 0 | AI58: =IF('Food Data'!$C$35="Fruit",100/'Food Data'!$AF$35,0) -> 0 | AJ58: =IF('Food Data'!$C$36="Fruit",100/'Food Data'!$AF$36,0) -> 0 | AK58: =IF('Food Data'!$C$37="Fruit",100/'Food Data'!$AF$37,0) -> 0 | AL58: =IF('Food Data'!$C$38="Fruit",100/'Food Data'!$AF$38,0) -> 0 | AM58: =IF('Food Data'!$C$39="Fruit",100/'Food Data'!$AF$39,0) -> 0 | AN58: =IF('Food Data'!$C$40="Fruit",100/'Food Data'!$AF$40,0) -> 0 | AO58: =IF('Food Data'!$C$41="Fruit",100/'Food Data'!$AF$41,0) -> 0 | AP58: =IF('Food Data'!$C$42="Fruit",100/'Food Data'!$AF$42,0) -> 0 | AQ58: =IF('Food Data'!$C$43="Fruit",100/'Food Data'!$AF$43,0) -> 0 | AR58: =IF('Food Data'!$C$44="Fruit",100/'Food Data'!$AF$44,0) -> 0 | AS58: =IF('Food Data'!$C$45="Fruit",100/'Food Data'!$AF$45,0) -> 0 | AT58: =IF('Food Data'!$C$46="Fruit",100/'Food Data'!$AF$46,0) -> 0 | AU58: =IF('Food Data'!$C$47="Fruit",100/'Food Data'!$AF$47,0) -> 0 | AV58: =IF('Food Data'!$C$48="Fruit",100/'Food Data'!$AF$48,0) -> 0 | AW58: =IF('Food Data'!$C$49="Fruit",100/'Food Data'!$AF$49,0) -> 0 | AX58: =IF('Food Data'!$C$50="Fruit",100/'Food Data'!$AF$50,0) -> 0 | AY58: =IF('Food Data'!$C$51="Fruit",100/'Food Data'!$AF$51,0) -> 0.8 | AZ58: =IF('Food Data'!$C$52="Fruit",100/'Food Data'!$AF$52,0) -> 0.84745763 | BA58: =IF('Food Data'!$C$53="Fruit",100/'Food Data'!$AF$53,0) -> 0.64516129 | BB58: =IF('Food Data'!$C$54="Fruit",100/'Food Data'!$AF$54,0) -> 0.66225166 | BC58: =IF('Food Data'!$C$55="Fruit",100/'Food Data'!$AF$55,0) -> 0.40160643 | BD58: =IF('Food Data'!$C$56="Fruit",100/'Food Data'!$AF$56,0) -> 0.71428571 | BE58: =IF('Food Data'!$C$57="Fruit",100/'Food Data'!$AF$57,0) -> 1.2195122 | BF58: =IF('Food Data'!$C$58="Fruit",100/'Food Data'!$AF$58,0) -> 0.65789474 | BG58: =IF('Food Data'!$C$59="Fruit",100/'Food Data'!$AF$59,0) -> 0 | BH58: =IF('Food Data'!$C$60="Fruit",100/'Food Data'!$AF$60,0) -> 0 | BI58: =IF('Food Data'!$C$61="Fruit",100/'Food Data'!$AF$61,0) -> 0 | BJ58: =IF('Food Data'!$C$62="Fruit",100/'Food Data'!$AF$62,0) -> 0 | BK58: =IF('Food Data'!$C$63="Fruit",100/'Food Data'!$AF$63,0) -> 0 | BL58: =IF('Food Data'!$C$64="Fruit",100/'Food Data'!$AF$64,0) -> 0 | BM58: =IF('Food Data'!$C$65="Fruit",100/'Food Data'!$AF$65,0) -> 0 | BN58: =IF('Food Data'!$C$66="Fruit",100/'Food Data'!$AF$66,0) -> 0 | BO58: =IF('Food Data'!$C$67="Fruit",100/'Food Data'!$AF$67,0) -> 0 | BP58: =IF('Food Data'!$C$68="Fruit",100/'Food Data'!$AF$68,0) -> 0 | BQ58: =IF('Food Data'!$C$69="Fruit",100/'Food Data'!$AF$69,0) -> 0 | BR58: =IF('Food Data'!$C$70="Fruit",100/'Food Data'!$AF$70,0) -> 0 | BS58: =IF('Food Data'!$C$71="Fruit",100/'Food Data'!$AF$71,0) -> 0 | BT58: =IF('Food Data'!$C$72="Fruit",100/'Food Data'!$AF$72,0) -> 0 | BU58: =IF('Food Data'!$C$73="Fruit",100/'Food Data'!$AF$73,0) -> 0 | BV58: =IF('Food Data'!$C$74="Fruit",100/'Food Data'!$AF$74,0) -> 0 | BW58: =IF('Food Data'!$C$75="Fruit",100/'Food Data'!$AF$75,0) -> 0 | BX58: =IF('Food Data'!$C$76="Fruit",100/'Food Data'!$AF$76,0) -> 0
A59: Calories ≤ target + tolerance | B59: nutrient ≤ | C59: =Planner!$E$16*(1+Planner!$C$42) -> 3181.5 | D59: 2878.5 | E59: =IF(D59<=C59+0.000001*MAX(1,ABS(C59)),IF(ABS(D59-C59)<=0.000001*MAX(1,ABS(C59)),"tight","ok"),"VIOLATED") -> ok | F59: =F$20 -> 120 | G59: =G$20 -> 161 | H59: =H$20 -> 121 | I59: =I$20 -> 100 | J59: =J$20 -> 150 | K59: =K$20 -> 417 | L59: =L$20 -> 254 | M59: =M$20 -> 152 | ... BX59: =BX$20 -> 207
A60: Protein ≤ max % of calories | B60: macro ≤ | C60: 0 | D60: -559.475 | E60: =IF(D60<=C60+0.000001*MAX(1,ABS(C60)),IF(ABS(D60-C60)<=0.000001*MAX(1,ABS(C60)),"tight","ok"),"VIOLATED") -> ok | F60: =4*F$21-$D$8*F$20 -> 48 | G60: =4*G$21-$D$8*G$20 -> 15.97 | H60: =4*H$21-$D$8*H$20 -> 36.29 | I60: =4*I$21-$D$8*I$20 -> 30.32 | J60: =4*J$21-$D$8*J$20 -> 22.42 | K60: =4*K$21-$D$8*K$20 -> -95.47 | L60: =4*L$21-$D$8*L$20 -> -20.22 | M60: =4*M$21-$D$8*M$20 -> 30.2 | ... BX60: =4*BX$21-$D$8*BX$20 -> -58.45
A61: Carbs ≤ max % of calories | B61: macro ≤ | C61: 0 | D61: -1.8581004e-07 | E61: =IF(D61<=C61+0.000001*MAX(1,ABS(C61)),IF(ABS(D61-C61)<=0.000001*MAX(1,ABS(C61)),"tight","ok"),"VIOLATED") -> tight | F61: =4*F$22-$D$9*F$20 -> -78 | G61: =4*G$22-$D$9*G$20 -> -104.21 | H61: =4*H$22-$D$9*H$20 -> -78.65 | I61: =4*I$22-$D$9*I$20 -> -55.64 | J61: =4*J$22-$D$9*J$20 -> -97.5 | K61: =4*K$22-$D$9*K$20 -> -265.93 | L61: =4*L$22-$D$9*L$20 -> -165.1 | M61: =4*M$22-$D$9*M$20 -> -98.8 | ... BX61: =4*BX$22-$D$9*BX$20 -> -40.15
A62: Fat ≤ max % of calories | B62: macro ≤ | C62: 0 | D62: -412.03382 | E62: =IF(D62<=C62+0.000001*MAX(1,ABS(C62)),IF(ABS(D62-C62)<=0.000001*MAX(1,ABS(C62)),"tight","ok"),"VIOLATED") -> ok | F62: =9*F$23-$D$10*F$20 -> -18.42 | G62: =9*G$23-$D$10*G$20 -> 26.45 | H62: =9*H$23-$D$10*H$20 -> -5.27 | I62: =9*I$23-$D$10*I$20 -> -13.67 | J62: =9*J$23-$D$10*J$20 -> 22.56 | K62: =9*K$23-$D$10*K$20 -> 211.26 | L62: =9*L$23-$D$10*L$20 -> 91.1 | M62: =9*M$23-$D$10*M$20 -> 9.8 | ... BX62: =9*BX$23-$D$10*BX$20 -> 26.55
A63: Sodium ≤ maximum | B63: nutrient ≤ | C63: =N(Planner!$E$23) -> 2300 | D63: 768.58413 | E63: =IF(D63<=C63+0.000001*MAX(1,ABS(C63)),IF(ABS(D63-C63)<=0.000001*MAX(1,ABS(C63)),"tight","ok"),"VIOLATED") -> ok | F63: =F$29 -> 45 | G63: =G$29 -> 106 | H63: =H$29 -> 95 | I63: =I$29 -> 922 | J63: =J$29 -> 69 | K63: =K$29 -> 662 | L63: =L$29 -> 66 | M63: =M$29 -> 66 | ... BX63: =BX$29 -> 80
A64: Total sugars ≤ maximum (blank = none) | B64: nutrient ≤ | C64: =IF(Planner!$E$24="",1000000,Planner!$E$24) -> 1000000 | D64: 66.951843 | E64: =IF(D64<=C64+0.000001*MAX(1,ABS(C64)),IF(ABS(D64-C64)<=0.000001*MAX(1,ABS(C64)),"tight","ok"),"VIOLATED") -> ok | F64: =F$25 -> 0 | G64: =G$25 -> 0 | H64: =H$25 -> 0 | I64: =I$25 -> 3.28 | J64: =J$25 -> 0 | K64: =K$25 -> 1 | L64: =L$25 -> 0 | M64: =M$25 -> 0 | ... BX64: =BX$25 -> 21.22
A65: Breakfast calories ≤ max share | B65: meal ≤ | C65: =Planner!$E$16*Planner!$D$45 -> 909 | D65: 606 | E65: =IF(D65<=C65+0.000001*MAX(1,ABS(C65)),IF(ABS(D65-C65)<=0.000001*MAX(1,ABS(C65)),"tight","ok"),"VIOLATED") -> ok | F65: =F$20*F$33 -> 0 | G65: =G$20*G$33 -> 0 | H65: =H$20*H$33 -> 0 | I65: =I$20*I$33 -> 0 | J65: =J$20*J$33 -> 0 | K65: =K$20*K$33 -> 417 | L65: =L$20*L$33 -> 0 | M65: =M$20*M$33 -> 0 | ... BX65: =BX$20*BX$33 -> 0
A66: Lunch calories ≤ max share | B66: meal ≤ | C66: =Planner!$E$16*Planner!$D$46 -> 1060.5 | D66: 929.27914 | E66: =IF(D66<=C66+0.000001*MAX(1,ABS(C66)),IF(ABS(D66-C66)<=0.000001*MAX(1,ABS(C66)),"tight","ok"),"VIOLATED") -> ok | F66: =F$20*F$34 -> 60 | G66: =G$20*G$34 -> 80.5 | H66: =H$20*H$34 -> 60.5 | I66: =I$20*I$34 -> 100 | J66: =J$20*J$34 -> 75 | K66: =K$20*K$34 -> 0 | L66: =L$20*L$34 -> 127 | M66: =M$20*M$34 -> 76 | ... BX66: =BX$20*BX$34 -> 0
A67: Dinner calories ≤ max share | B67: meal ≤ | C67: =Planner!$E$16*Planner!$D$47 -> 1212 | D67: 929.27914 | E67: =IF(D67<=C67+0.000001*MAX(1,ABS(C67)),IF(ABS(D67-C67)<=0.000001*MAX(1,ABS(C67)),"tight","ok"),"VIOLATED") -> ok | F67: =F$20*F$35 -> 60 | G67: =G$20*G$35 -> 80.5 | H67: =H$20*H$35 -> 60.5 | I67: =I$20*I$35 -> 0 | J67: =J$20*J$35 -> 75 | K67: =K$20*K$35 -> 0 | L67: =L$20*L$35 -> 127 | M67: =M$20*M$35 -> 76 | ... BX67: =BX$20*BX$35 -> 0
A68: Snacks calories ≤ max share | B68: meal ≤ | C68: =Planner!$E$16*Planner!$D$48 -> 606 | D68: 413.94172 | E68: =IF(D68<=C68+0.000001*MAX(1,ABS(C68)),IF(ABS(D68-C68)<=0.000001*MAX(1,ABS(C68)),"tight","ok"),"VIOLATED") -> ok | F68: =F$20*F$36 -> 0 | G68: =G$20*G$36 -> 0 | H68: =H$20*H$36 -> 0 | I68: =I$20*I$36 -> 0 | J68: =J$20*J$36 -> 0 | K68: =K$20*K$36 -> 0 | L68: =L$20*L$36 -> 0 | M68: =M$20*M$36 -> 0 | ... BX68: =BX$20*BX$36 -> 207
A69: Meat, poultry & fish ≤ max grams | B69: group ≤ | C69: =Planner!$C$51 -> 340 | D69: 0 | E69: =IF(D69<=C69+0.000001*MAX(1,ABS(C69)),IF(ABS(D69-C69)<=0.000001*MAX(1,ABS(C69)),"tight","ok"),"VIOLATED") -> ok | F69: =IF('Food Data'!$AG$6="Meat, poultry & fish",100,0) -> 100 | G69: =IF('Food Data'!$AG$7="Meat, poultry & fish",100,0) -> 100 | H69: =IF('Food Data'!$AG$8="Meat, poultry & fish",100,0) -> 100 | I69: =IF('Food Data'!$AG$9="Meat, poultry & fish",100,0) -> 100 | J69: =IF('Food Data'!$AG$10="Meat, poultry & fish",100,0) -> 100 | K69: =IF('Food Data'!$AG$11="Meat, poultry & fish",100,0) -> 100 | L69: =IF('Food Data'!$AG$12="Meat, poultry & fish",100,0) -> 100 | M69: =IF('Food Data'!$AG$13="Meat, poultry & fish",100,0) -> 100 | N69: =IF('Food Data'!$AG$14="Meat, poultry & fish",100,0) -> 100 | O69: =IF('Food Data'!$AG$15="Meat, poultry & fish",100,0) -> 100 | P69: =IF('Food Data'!$AG$16="Meat, poultry & fish",100,0) -> 100 | Q69: =IF('Food Data'!$AG$17="Meat, poultry & fish",100,0) -> 100 | R69: =IF('Food Data'!$AG$18="Meat, poultry & fish",100,0) -> 100 | S69: =IF('Food Data'!$AG$19="Meat, poultry & fish",100,0) -> 100 | T69: =IF('Food Data'!$AG$20="Meat, poultry & fish",100,0) -> 100 | U69: =IF('Food Data'!$AG$21="Meat, poultry & fish",100,0) -> 0 | V69: =IF('Food Data'!$AG$22="Meat, poultry & fish",100,0) -> 0 | W69: =IF('Food Data'!$AG$23="Meat, poultry & fish",100,0) -> 0 | X69: =IF('Food Data'!$AG$24="Meat, poultry & fish",100,0) -> 0 | Y69: =IF('Food Data'!$AG$25="Meat, poultry & fish",100,0) -> 0 | Z69: =IF('Food Data'!$AG$26="Meat, poultry & fish",100,0) -> 0 | AA69: =IF('Food Data'!$AG$27="Meat, poultry & fish",100,0) -> 0 | AB69: =IF('Food Data'!$AG$28="Meat, poultry & fish",100,0) -> 0 | AC69: =IF('Food Data'!$AG$29="Meat, poultry & fish",100,0) -> 0 | AD69: =IF('Food Data'!$AG$30="Meat, poultry & fish",100,0) -> 0 | AE69: =IF('Food Data'!$AG$31="Meat, poultry & fish",100,0) -> 0 | AF69: =IF('Food Data'!$AG$32="Meat, poultry & fish",100,0) -> 0 | AG69: =IF('Food Data'!$AG$33="Meat, poultry & fish",100,0) -> 0 | AH69: =IF('Food Data'!$AG$34="Meat, poultry & fish",100,0) -> 0 | AI69: =IF('Food Data'!$AG$35="Meat, poultry & fish",100,0) -> 0 | AJ69: =IF('Food Data'!$AG$36="Meat, poultry & fish",100,0) -> 0 | AK69: =IF('Food Data'!$AG$37="Meat, poultry & fish",100,0) -> 0 | AL69: =IF('Food Data'!$AG$38="Meat, poultry & fish",100,0) -> 0 | AM69: =IF('Food Data'!$AG$39="Meat, poultry & fish",100,0) -> 0 | AN69: =IF('Food Data'!$AG$40="Meat, poultry & fish",100,0) -> 0 | AO69: =IF('Food Data'!$AG$41="Meat, poultry & fish",100,0) -> 0 | AP69: =IF('Food Data'!$AG$42="Meat, poultry & fish",100,0) -> 0 | AQ69: =IF('Food Data'!$AG$43="Meat, poultry & fish",100,0) -> 0 | AR69: =IF('Food Data'!$AG$44="Meat, poultry & fish",100,0) -> 0 | AS69: =IF('Food Data'!$AG$45="Meat, poultry & fish",100,0) -> 0 | AT69: =IF('Food Data'!$AG$46="Meat, poultry & fish",100,0) -> 0 | AU69: =IF('Food Data'!$AG$47="Meat, poultry & fish",100,0) -> 0 | AV69: =IF('Food Data'!$AG$48="Meat, poultry & fish",100,0) -> 0 | AW69: =IF('Food Data'!$AG$49="Meat, poultry & fish",100,0) -> 0 | AX69: =IF('Food Data'!$AG$50="Meat, poultry & fish",100,0) -> 0 | AY69: =IF('Food Data'!$AG$51="Meat, poultry & fish",100,0) -> 0 | AZ69: =IF('Food Data'!$AG$52="Meat, poultry & fish",100,0) -> 0 | BA69: =IF('Food Data'!$AG$53="Meat, poultry & fish",100,0) -> 0 | BB69: =IF('Food Data'!$AG$54="Meat, poultry & fish",100,0) -> 0 | BC69: =IF('Food Data'!$AG$55="Meat, poultry & fish",100,0) -> 0 | BD69: =IF('Food Data'!$AG$56="Meat, poultry & fish",100,0) -> 0 | BE69: =IF('Food Data'!$AG$57="Meat, poultry & fish",100,0) -> 0 | BF69: =IF('Food Data'!$AG$58="Meat, poultry & fish",100,0) -> 0 | BG69: =IF('Food Data'!$AG$59="Meat, poultry & fish",100,0) -> 0 | BH69: =IF('Food Data'!$AG$60="Meat, poultry & fish",100,0) -> 0 | BI69: =IF('Food Data'!$AG$61="Meat, poultry & fish",100,0) -> 0 | BJ69: =IF('Food Data'!$AG$62="Meat, poultry & fish",100,0) -> 0 | BK69: =IF('Food Data'!$AG$63="Meat, poultry & fish",100,0) -> 0 | BL69: =IF('Food Data'!$AG$64="Meat, poultry & fish",100,0) -> 0 | BM69: =IF('Food Data'!$AG$65="Meat, poultry & fish",100,0) -> 0 | BN69: =IF('Food Data'!$AG$66="Meat, poultry & fish",100,0) -> 0 | BO69: =IF('Food Data'!$AG$67="Meat, poultry & fish",100,0) -> 0 | BP69: =IF('Food Data'!$AG$68="Meat, poultry & fish",100,0) -> 0 | BQ69: =IF('Food Data'!$AG$69="Meat, poultry & fish",100,0) -> 0 | BR69: =IF('Food Data'!$AG$70="Meat, poultry & fish",100,0) -> 0 | BS69: =IF('Food Data'!$AG$71="Meat, poultry & fish",100,0) -> 0 | BT69: =IF('Food Data'!$AG$72="Meat, poultry & fish",100,0) -> 0 | BU69: =IF('Food Data'!$AG$73="Meat, poultry & fish",100,0) -> 0 | BV69: =IF('Food Data'!$AG$74="Meat, poultry & fish",100,0) -> 0 | BW69: =IF('Food Data'!$AG$75="Meat, poultry & fish",100,0) -> 0 | BX69: =IF('Food Data'!$AG$76="Meat, poultry & fish",100,0) -> 0
A70: Beans & lentils ≤ max servings | B70: group ≤ | C70: =Planner!$C$52 -> 3 | D70: 3 | E70: =IF(D70<=C70+0.000001*MAX(1,ABS(C70)),IF(ABS(D70-C70)<=0.000001*MAX(1,ABS(C70)),"tight","ok"),"VIOLATED") -> tight | F70: =IF('Food Data'!$AG$6="Beans & lentils",100/'Food Data'!$N$6,0) -> 0 | G70: =IF('Food Data'!$AG$7="Beans & lentils",100/'Food Data'!$N$7,0) -> 0 | H70: =IF('Food Data'!$AG$8="Beans & lentils",100/'Food Data'!$N$8,0) -> 0 | I70: =IF('Food Data'!$AG$9="Beans & lentils",100/'Food Data'!$N$9,0) -> 0 | J70: =IF('Food Data'!$AG$10="Beans & lentils",100/'Food Data'!$N$10,0) -> 0 | K70: =IF('Food Data'!$AG$11="Beans & lentils",100/'Food Data'!$N$11,0) -> 0 | L70: =IF('Food Data'!$AG$12="Beans & lentils",100/'Food Data'!$N$12,0) -> 0 | M70: =IF('Food Data'!$AG$13="Beans & lentils",100/'Food Data'!$N$13,0) -> 0 | N70: =IF('Food Data'!$AG$14="Beans & lentils",100/'Food Data'!$N$14,0) -> 0 | O70: =IF('Food Data'!$AG$15="Beans & lentils",100/'Food Data'!$N$15,0) -> 0 | P70: =IF('Food Data'!$AG$16="Beans & lentils",100/'Food Data'!$N$16,0) -> 0 | Q70: =IF('Food Data'!$AG$17="Beans & lentils",100/'Food Data'!$N$17,0) -> 0 | R70: =IF('Food Data'!$AG$18="Beans & lentils",100/'Food Data'!$N$18,0) -> 0 | S70: =IF('Food Data'!$AG$19="Beans & lentils",100/'Food Data'!$N$19,0) -> 0 | T70: =IF('Food Data'!$AG$20="Beans & lentils",100/'Food Data'!$N$20,0) -> 0 | U70: =IF('Food Data'!$AG$21="Beans & lentils",100/'Food Data'!$N$21,0) -> 0 | V70: =IF('Food Data'!$AG$22="Beans & lentils",100/'Food Data'!$N$22,0) -> 0.83333333 | W70: =IF('Food Data'!$AG$23="Beans & lentils",100/'Food Data'!$N$23,0) -> 0.83333333 | X70: =IF('Food Data'!$AG$24="Beans & lentils",100/'Food Data'!$N$24,0) -> 2.0833333 | Y70: =IF('Food Data'!$AG$25="Beans & lentils",100/'Food Data'!$N$25,0) -> 0 | Z70: =IF('Food Data'!$AG$26="Beans & lentils",100/'Food Data'!$N$26,0) -> 2.0833333 | AA70: =IF('Food Data'!$AG$27="Beans & lentils",100/'Food Data'!$N$27,0) -> 0 | AB70: =IF('Food Data'!$AG$28="Beans & lentils",100/'Food Data'!$N$28,0) -> 0 | AC70: =IF('Food Data'!$AG$29="Beans & lentils",100/'Food Data'!$N$29,0) -> 0 | AD70: =IF('Food Data'!$AG$30="Beans & lentils",100/'Food Data'!$N$30,0) -> 0 | AE70: =IF('Food Data'!$AG$31="Beans & lentils",100/'Food Data'!$N$31,0) -> 0 | AF70: =IF('Food Data'!$AG$32="Beans & lentils",100/'Food Data'!$N$32,0) -> 0 | AG70: =IF('Food Data'!$AG$33="Beans & lentils",100/'Food Data'!$N$33,0) -> 0 | AH70: =IF('Food Data'!$AG$34="Beans & lentils",100/'Food Data'!$N$34,0) -> 0 | AI70: =IF('Food Data'!$AG$35="Beans & lentils",100/'Food Data'!$N$35,0) -> 0 | AJ70: =IF('Food Data'!$AG$36="Beans & lentils",100/'Food Data'!$N$36,0) -> 0 | AK70: =IF('Food Data'!$AG$37="Beans & lentils",100/'Food Data'!$N$37,0) -> 0 | AL70: =IF('Food Data'!$AG$38="Beans & lentils",100/'Food Data'!$N$38,0) -> 0 | AM70: =IF('Food Data'!$AG$39="Beans & lentils",100/'Food Data'!$N$39,0) -> 0 | AN70: =IF('Food Data'!$AG$40="Beans & lentils",100/'Food Data'!$N$40,0) -> 0 | AO70: =IF('Food Data'!$AG$41="Beans & lentils",100/'Food Data'!$N$41,0) -> 0 | AP70: =IF('Food Data'!$AG$42="Beans & lentils",100/'Food Data'!$N$42,0) -> 0 | AQ70: =IF('Food Data'!$AG$43="Beans & lentils",100/'Food Data'!$N$43,0) -> 0 | AR70: =IF('Food Data'!$AG$44="Beans & lentils",100/'Food Data'!$N$44,0) -> 0 | AS70: =IF('Food Data'!$AG$45="Beans & lentils",100/'Food Data'!$N$45,0) -> 0 | AT70: =IF('Food Data'!$AG$46="Beans & lentils",100/'Food Data'!$N$46,0) -> 0 | AU70: =IF('Food Data'!$AG$47="Beans & lentils",100/'Food Data'!$N$47,0) -> 0 | AV70: =IF('Food Data'!$AG$48="Beans & lentils",100/'Food Data'!$N$48,0) -> 0 | AW70: =IF('Food Data'!$AG$49="Beans & lentils",100/'Food Data'!$N$49,0) -> 0 | AX70: =IF('Food Data'!$AG$50="Beans & lentils",100/'Food Data'!$N$50,0) -> 0 | AY70: =IF('Food Data'!$AG$51="Beans & lentils",100/'Food Data'!$N$51,0) -> 0 | AZ70: =IF('Food Data'!$AG$52="Beans & lentils",100/'Food Data'!$N$52,0) -> 0 | BA70: =IF('Food Data'!$AG$53="Beans & lentils",100/'Food Data'!$N$53,0) -> 0 | BB70: =IF('Food Data'!$AG$54="Beans & lentils",100/'Food Data'!$N$54,0) -> 0 | BC70: =IF('Food Data'!$AG$55="Beans & lentils",100/'Food Data'!$N$55,0) -> 0 | BD70: =IF('Food Data'!$AG$56="Beans & lentils",100/'Food Data'!$N$56,0) -> 0 | BE70: =IF('Food Data'!$AG$57="Beans & lentils",100/'Food Data'!$N$57,0) -> 0 | BF70: =IF('Food Data'!$AG$58="Beans & lentils",100/'Food Data'!$N$58,0) -> 0 | BG70: =IF('Food Data'!$AG$59="Beans & lentils",100/'Food Data'!$N$59,0) -> 0 | BH70: =IF('Food Data'!$AG$60="Beans & lentils",100/'Food Data'!$N$60,0) -> 0 | BI70: =IF('Food Data'!$AG$61="Beans & lentils",100/'Food Data'!$N$61,0) -> 0 | BJ70: =IF('Food Data'!$AG$62="Beans & lentils",100/'Food Data'!$N$62,0) -> 0 | BK70: =IF('Food Data'!$AG$63="Beans & lentils",100/'Food Data'!$N$63,0) -> 0 | BL70: =IF('Food Data'!$AG$64="Beans & lentils",100/'Food Data'!$N$64,0) -> 0 | BM70: =IF('Food Data'!$AG$65="Beans & lentils",100/'Food Data'!$N$65,0) -> 0 | BN70: =IF('Food Data'!$AG$66="Beans & lentils",100/'Food Data'!$N$66,0) -> 0 | BO70: =IF('Food Data'!$AG$67="Beans & lentils",100/'Food Data'!$N$67,0) -> 0 | BP70: =IF('Food Data'!$AG$68="Beans & lentils",100/'Food Data'!$N$68,0) -> 0 | BQ70: =IF('Food Data'!$AG$69="Beans & lentils",100/'Food Data'!$N$69,0) -> 0 | BR70: =IF('Food Data'!$AG$70="Beans & lentils",100/'Food Data'!$N$70,0) -> 0 | BS70: =IF('Food Data'!$AG$71="Beans & lentils",100/'Food Data'!$N$71,0) -> 0 | BT70: =IF('Food Data'!$AG$72="Beans & lentils",100/'Food Data'!$N$72,0) -> 0 | BU70: =IF('Food Data'!$AG$73="Beans & lentils",100/'Food Data'!$N$73,0) -> 0 | BV70: =IF('Food Data'!$AG$74="Beans & lentils",100/'Food Data'!$N$74,0) -> 0 | BW70: =IF('Food Data'!$AG$75="Beans & lentils",100/'Food Data'!$N$75,0) -> 0 | BX70: =IF('Food Data'!$AG$76="Beans & lentils",100/'Food Data'!$N$76,0) -> 0
A71: Cheese ≤ max servings | B71: group ≤ | C71: =Planner!$C$53 -> 3 | D71: 0 | E71: =IF(D71<=C71+0.000001*MAX(1,ABS(C71)),IF(ABS(D71-C71)<=0.000001*MAX(1,ABS(C71)),"tight","ok"),"VIOLATED") -> ok | F71: =IF('Food Data'!$AG$6="Cheese",100/'Food Data'!$N$6,0) -> 0 | G71: =IF('Food Data'!$AG$7="Cheese",100/'Food Data'!$N$7,0) -> 0 | H71: =IF('Food Data'!$AG$8="Cheese",100/'Food Data'!$N$8,0) -> 0 | I71: =IF('Food Data'!$AG$9="Cheese",100/'Food Data'!$N$9,0) -> 0 | J71: =IF('Food Data'!$AG$10="Cheese",100/'Food Data'!$N$10,0) -> 0 | K71: =IF('Food Data'!$AG$11="Cheese",100/'Food Data'!$N$11,0) -> 0 | L71: =IF('Food Data'!$AG$12="Cheese",100/'Food Data'!$N$12,0) -> 0 | M71: =IF('Food Data'!$AG$13="Cheese",100/'Food Data'!$N$13,0) -> 0 | N71: =IF('Food Data'!$AG$14="Cheese",100/'Food Data'!$N$14,0) -> 0 | O71: =IF('Food Data'!$AG$15="Cheese",100/'Food Data'!$N$15,0) -> 0 | P71: =IF('Food Data'!$AG$16="Cheese",100/'Food Data'!$N$16,0) -> 0 | Q71: =IF('Food Data'!$AG$17="Cheese",100/'Food Data'!$N$17,0) -> 0 | R71: =IF('Food Data'!$AG$18="Cheese",100/'Food Data'!$N$18,0) -> 0 | S71: =IF('Food Data'!$AG$19="Cheese",100/'Food Data'!$N$19,0) -> 0 | T71: =IF('Food Data'!$AG$20="Cheese",100/'Food Data'!$N$20,0) -> 0 | U71: =IF('Food Data'!$AG$21="Cheese",100/'Food Data'!$N$21,0) -> 0 | V71: =IF('Food Data'!$AG$22="Cheese",100/'Food Data'!$N$22,0) -> 0 | W71: =IF('Food Data'!$AG$23="Cheese",100/'Food Data'!$N$23,0) -> 0 | X71: =IF('Food Data'!$AG$24="Cheese",100/'Food Data'!$N$24,0) -> 0 | Y71: =IF('Food Data'!$AG$25="Cheese",100/'Food Data'!$N$25,0) -> 0 | Z71: =IF('Food Data'!$AG$26="Cheese",100/'Food Data'!$N$26,0) -> 0 | AA71: =IF('Food Data'!$AG$27="Cheese",100/'Food Data'!$N$27,0) -> 0 | AB71: =IF('Food Data'!$AG$28="Cheese",100/'Food Data'!$N$28,0) -> 0 | AC71: =IF('Food Data'!$AG$29="Cheese",100/'Food Data'!$N$29,0) -> 0 | AD71: =IF('Food Data'!$AG$30="Cheese",100/'Food Data'!$N$30,0) -> 0 | AE71: =IF('Food Data'!$AG$31="Cheese",100/'Food Data'!$N$31,0) -> 0 | AF71: =IF('Food Data'!$AG$32="Cheese",100/'Food Data'!$N$32,0) -> 5.2631579 | AG71: =IF('Food Data'!$AG$33="Cheese",100/'Food Data'!$N$33,0) -> 3.5714286 | AH71: =IF('Food Data'!$AG$34="Cheese",100/'Food Data'!$N$34,0) -> 0.88495575 | AI71: =IF('Food Data'!$AG$35="Cheese",100/'Food Data'!$N$35,0) -> 3.5714286 | AJ71: =IF('Food Data'!$AG$36="Cheese",100/'Food Data'!$N$36,0) -> 0 | AK71: =IF('Food Data'!$AG$37="Cheese",100/'Food Data'!$N$37,0) -> 0 | AL71: =IF('Food Data'!$AG$38="Cheese",100/'Food Data'!$N$38,0) -> 0 | AM71: =IF('Food Data'!$AG$39="Cheese",100/'Food Data'!$N$39,0) -> 0 | AN71: =IF('Food Data'!$AG$40="Cheese",100/'Food Data'!$N$40,0) -> 0 | AO71: =IF('Food Data'!$AG$41="Cheese",100/'Food Data'!$N$41,0) -> 0 | AP71: =IF('Food Data'!$AG$42="Cheese",100/'Food Data'!$N$42,0) -> 0 | AQ71: =IF('Food Data'!$AG$43="Cheese",100/'Food Data'!$N$43,0) -> 0 | AR71: =IF('Food Data'!$AG$44="Cheese",100/'Food Data'!$N$44,0) -> 0 | AS71: =IF('Food Data'!$AG$45="Cheese",100/'Food Data'!$N$45,0) -> 0 | AT71: =IF('Food Data'!$AG$46="Cheese",100/'Food Data'!$N$46,0) -> 0 | AU71: =IF('Food Data'!$AG$47="Cheese",100/'Food Data'!$N$47,0) -> 0 | AV71: =IF('Food Data'!$AG$48="Cheese",100/'Food Data'!$N$48,0) -> 0 | AW71: =IF('Food Data'!$AG$49="Cheese",100/'Food Data'!$N$49,0) -> 0 | AX71: =IF('Food Data'!$AG$50="Cheese",100/'Food Data'!$N$50,0) -> 0 | AY71: =IF('Food Data'!$AG$51="Cheese",100/'Food Data'!$N$51,0) -> 0 | AZ71: =IF('Food Data'!$AG$52="Cheese",100/'Food Data'!$N$52,0) -> 0 | BA71: =IF('Food Data'!$AG$53="Cheese",100/'Food Data'!$N$53,0) -> 0 | BB71: =IF('Food Data'!$AG$54="Cheese",100/'Food Data'!$N$54,0) -> 0 | BC71: =IF('Food Data'!$AG$55="Cheese",100/'Food Data'!$N$55,0) -> 0 | BD71: =IF('Food Data'!$AG$56="Cheese",100/'Food Data'!$N$56,0) -> 0 | BE71: =IF('Food Data'!$AG$57="Cheese",100/'Food Data'!$N$57,0) -> 0 | BF71: =IF('Food Data'!$AG$58="Cheese",100/'Food Data'!$N$58,0) -> 0 | BG71: =IF('Food Data'!$AG$59="Cheese",100/'Food Data'!$N$59,0) -> 0 | BH71: =IF('Food Data'!$AG$60="Cheese",100/'Food Data'!$N$60,0) -> 0 | BI71: =IF('Food Data'!$AG$61="Cheese",100/'Food Data'!$N$61,0) -> 0 | BJ71: =IF('Food Data'!$AG$62="Cheese",100/'Food Data'!$N$62,0) -> 0 | BK71: =IF('Food Data'!$AG$63="Cheese",100/'Food Data'!$N$63,0) -> 0 | BL71: =IF('Food Data'!$AG$64="Cheese",100/'Food Data'!$N$64,0) -> 0 | BM71: =IF('Food Data'!$AG$65="Cheese",100/'Food Data'!$N$65,0) -> 0 | BN71: =IF('Food Data'!$AG$66="Cheese",100/'Food Data'!$N$66,0) -> 0 | BO71: =IF('Food Data'!$AG$67="Cheese",100/'Food Data'!$N$67,0) -> 0 | BP71: =IF('Food Data'!$AG$68="Cheese",100/'Food Data'!$N$68,0) -> 0 | BQ71: =IF('Food Data'!$AG$69="Cheese",100/'Food Data'!$N$69,0) -> 0 | BR71: =IF('Food Data'!$AG$70="Cheese",100/'Food Data'!$N$70,0) -> 0 | BS71: =IF('Food Data'!$AG$71="Cheese",100/'Food Data'!$N$71,0) -> 0 | BT71: =IF('Food Data'!$AG$72="Cheese",100/'Food Data'!$N$72,0) -> 0 | BU71: =IF('Food Data'!$AG$73="Cheese",100/'Food Data'!$N$73,0) -> 0 | BV71: =IF('Food Data'!$AG$74="Cheese",100/'Food Data'!$N$74,0) -> 0 | BW71: =IF('Food Data'!$AG$75="Cheese",100/'Food Data'!$N$75,0) -> 0 | BX71: =IF('Food Data'!$AG$76="Cheese",100/'Food Data'!$N$76,0) -> 0
